Filename,Type,Date,Volume,Issue,Pages,OCR batch
CWSupp007.pdf,Christian Workers’ Supplement,1891-07,,,4,1
CWSupp008.pdf,Christian Workers’ Supplement,1891-09,,,4,1
CWSupp009.pdf,Christian Workers’ Supplement,1891-10,,,4,1
CWSupp010.pdf,Christian Workers’ Supplement,1891-11,,,4,1
CWSupp011.pdf,Christian Workers’ Supplement,1891-12,,,4,1
CWSupp012.pdf,Christian Workers’ Supplement,1892-01,,,18,1
HolidayGuide.pdf,Holiday Guide,1891-05-29,,,24,1
HT0010001.pdf,Home Tidings,1879-06,1,1,28,1
HT0010002.pdf,Home Tidings,1879-07,1,2,24,1
HT0010003.pdf,Home Tidings,1879-07,1,3,16,1
HT0010004.pdf,Home Tidings,1879-08,1,4,24,1
HT0010005.pdf,Home Tidings,1879-11,1,5,24,1
HT0010006.pdf,Home Tidings,1879-12,1,6,16,1
HT0010007.pdf,Home Tidings,1880-01,1,7,16,1
HT0010008.pdf,Home Tidings,1880-02,1,8,16,1
HT0010009.pdf,Home Tidings,1880-03,1,9,36,1
HT0010010.pdf,Home Tidings,1880-04,1,10,16,1
HT0010011.pdf,Home Tidings,1880-05,1,11,16,1
HT0010012.pdf,Home Tidings,1880-06,1,12,20,1
HT0010013.pdf,Home Tidings,1880-07,1,13,20,1
HT0010014.pdf,Home Tidings,1880-08,1,14,16,1
HT0010015.pdf,Home Tidings,1880-09,1,15,16,1
HT0010016.pdf,Home Tidings,1880-10,1,16,16,1
HT0010017.pdf,Home Tidings,1880-11,1,17,16,1
HT0010018.pdf,Home Tidings,1880-12,1,18,14,1
HT0020019.pdf,Home Tidings,1881-01,2,19,12,1
HT0020020.pdf,Home Tidings,1881-02,2,20,20,1
HT0020021.pdf,Home Tidings,1881-03,2,21,8,1
HT0020022.pdf,Home Tidings,1881-04,2,22,16,1
HT0020023.pdf,Home Tidings,1881-05,2,23,20,1
HT0020024.pdf,Home Tidings,1881-06,2,24,12,1
HT0020025.pdf,Home Tidings,1881-07,2,25,12,1
HT0020026.pdf,Home Tidings,1881-08,2,26,16,1
HT0020027.pdf,Home Tidings,1881-09,2,27,16,1
HT0020028.pdf,Home Tidings,1881-10,2,28,16,1
HT0020029.pdf,Home Tidings,1881-11,2,29,24,1
HT0020030.pdf,Home Tidings,1881-12,2,30,23,1
HT0030031.pdf,Home Tidings,1882-01,3,31,20,1
HT0030032.pdf,Home Tidings,1882-02,3,32,16,1
HT0030033.pdf,Home Tidings,1882-03,3,33,42,1
HT0030034.pdf,Home Tidings,1882-04,3,34,16,1
HT0030035.pdf,Home Tidings,1882-05,3,35,28,1
HT0030036.pdf,Home Tidings,1882-06,3,36,16,1
HT0030037.pdf,Home Tidings,1882-07,3,37,20,1
HT0030038.pdf,Home Tidings,1882-08,3,38,20,1
HT0030039.pdf,Home Tidings,1882-09,3,39,16,1
HT0030040.pdf,Home Tidings,1882-10,3,40,28,1
HT0030041.pdf,Home Tidings,1882-11,3,41,16,1
HT0030042.pdf,Home Tidings,1882-12,3,42,24,1
HT0040043.pdf,Home Tidings,1883-02,4,43,16,1
HT0040044.pdf,Home Tidings,1883-02,4,44,16,13
HT0040045.pdf,Home Tidings,1883-03,4,45,36,1
HT0040046.pdf,Home Tidings,1883-04,4,46,24,1
HT0040047.pdf,Home Tidings,1883-05,4,47,24,1
HT0040048.pdf,Home Tidings,1883-06,4,48,28,1
HT0040049.pdf,Home Tidings,1883-07,4,49,24,1
HT0040050.pdf,Home Tidings,1883-08,4,50,24,1
HT0040051.pdf,Home Tidings,1883-09,4,51,20,1
HT0040052.pdf,Home Tidings,1883-10,4,52,32,1
HT0040053.pdf,Home Tidings,1883-11,4,53,24,1
HT0040054.pdf,Home Tidings,1883-12,4,54,28,1
HT0050055.pdf,Home Tidings,1884-01,5,55,17,1
HT0050056.pdf,Home Tidings,1884-02,5,56,32,1
HT0050057.pdf,Home Tidings,1884-03,5,57,28,1
HT0050058.pdf,Home Tidings,1884-04,5,58,28,1
HT0050059.pdf,Home Tidings,1884-05,5,59,28,1
HT0050060.pdf,Home Tidings,1884-06,5,60,44,1
HT0050061.pdf,Home Tidings,1884-07,5,61,32,1
HT0050062.pdf,Home Tidings,1884-08,5,62,24,1
HT0050063.pdf,Home Tidings,1884-09,5,63,28,1
HT0050064.pdf,Home Tidings,1884-09-27,5,64,16,1
HT0050065.pdf,Home Tidings,1884-10-04,5,65,16,1
HT0050066.pdf,Home Tidings,1884-10-11,5,66,16,1
HT0050067.pdf,Home Tidings,1884-10-18,5,67,16,1
HT0050068.pdf,Home Tidings,1884-10-25,5,68,16,1
HT0050069.pdf,Home Tidings,1884-11-01,5,69,16,1
HT0050070.pdf,Home Tidings,1884-11-08,5,70,16,1
HT0050071.pdf,Home Tidings,1884-11-15,5,71,16,1
HT0050072.pdf,Home Tidings,1884-11-22,5,72,16,1
HT0050073.pdf,Home Tidings,1884-11-29,5,73,16,1
HT0050074.pdf,Home Tidings,1884-12-06,5,74,16,1
HT0050075.pdf,Home Tidings,1884-12-13,5,75,20,1
HT0050076.pdf,Home Tidings,1884-12-20,5,76,16,1
HT0050077.pdf,Home Tidings,1884-12-27,5,77,16,1
HT0060078.pdf,Home Tidings,1885-01-03,6,78,16,1
HT0060079.pdf,Home Tidings,1885-01-10,6,79,16,1
HT0060080.pdf,Home Tidings,1885-01-17,6,80,16,1
HT0060081.pdf,Home Tidings,1885-01-24,6,81,16,1
HT0060082.pdf,Home Tidings,1885-01-31,6,82,16,1
HT0060083.pdf,Home Tidings,1885-02-07,6,83,16,1
HT0060084.pdf,Home Tidings,1885-02-14,6,84,16,1
HT0060085.pdf,Home Tidings,1885-02-21,6,85,16,1
HT0060086.pdf,Home Tidings,1885-02-28,6,86,16,1
HT0060087.pdf,Home Tidings,1885-03-07,6,87,16,1
HT0060088.pdf,Home Tidings,1885-03-14,6,88,16,1
HT0060089.pdf,Home Tidings,1885-03-21,6,89,20,1
HT0060090.pdf,Home Tidings,1885-03-28,6,90,16,1
HT0060091.pdf,Home Tidings,1885-04-04,6,91,16,1
HT0060092.pdf,Home Tidings,1885-04-11,6,92,16,1
HT0060093.pdf,Home Tidings,1885-04-18,6,93,17,1
HT0060094.pdf,Home Tidings,1885-04-25,6,94,16,1
HT0060095.pdf,Home Tidings,1885-05-02,6,95,20,1
HT0060096.pdf,Home Tidings,1885-05-09,6,96,16,1
HT0060097.pdf,Home Tidings,1885-05-16,6,97,16,1
HT0060098.pdf,Home Tidings,1885-05-23,6,98,16,1
HT0060099.pdf,Home Tidings,1885-05-30,6,99,16,1
HT0060100.pdf,Home Tidings,1885-06-06,6,100,20,1
HT0060101.pdf,Home Tidings,1885-06-13,6,101,16,1
HT0060102.pdf,Home Tidings,1885-06-20,6,102,16,1
HT0060103.pdf,Home Tidings,1885-06-27,6,103,12,1
HT0070104.pdf,Home Tidings,1885-07-04,7,104,16,1
HT0070105.pdf,Home Tidings,1885-07-11,7,105,16,1
HT0070106.pdf,Home Tidings,1885-07-18,7,106,16,1
HT0070107.pdf,Home Tidings,1885-07-25,7,107,16,1
HT0070108.pdf,Home Tidings,1885-08-01,7,108,16,1
HT0070109.pdf,Home Tidings,1885-08-08,7,109,16,1
HT0070110.pdf,Home Tidings,1885-08-15,7,110,16,1
HT0070111.pdf,Home Tidings,1885-08-22,7,111,20,1
HT0070112.pdf,Home Tidings,1885-08-29,7,112,16,1
HT0070113.pdf,Home Tidings,1885-09-05,7,113,16,1
HT0070114.pdf,Home Tidings,1885-09-12,7,114,16,1
HT0070115.pdf,Home Tidings,1885-09-19,7,115,16,1
HT0070116.pdf,Home Tidings,1885-09-26,7,116,16,1
HT0070117.pdf,Home Tidings,1885-10-03,7,117,16,1
HT0070118.pdf,Home Tidings,1885-10-10,7,118,20,1
HT0070119.pdf,Home Tidings,1885-10-17,7,119,20,1
HT0070120.pdf,Home Tidings,1885-10-24,7,120,20,1
HT0070121.pdf,Home Tidings,1885-10-31,7,121,24,1
HT0070122.pdf,Home Tidings,1885-11-07,7,122,24,1
HT0070123.pdf,Home Tidings,1885-11-14,7,123,24,1
HT0070124.pdf,Home Tidings,1885-11-21,7,124,28,1
HT0070125.pdf,Home Tidings,1885-11-28,7,125,24,1
HT0070126.pdf,Home Tidings,1885-12-05,7,126,24,1
HT0070127.pdf,Home Tidings,1885-12-12,7,127,24,1
HT0070128.pdf,Home Tidings,1885-12-19,7,128,28,1
HT0070129.pdf,Home Tidings,1885-12-26,7,129,16,1
HT0080130.pdf,Home Tidings,1886-01-02,8,130,16,1
HT0080131.pdf,Home Tidings,1886-01-09,8,131,20,1
HT0080132.pdf,Home Tidings,1886-01-16,8,132,20,1
HT0080133.pdf,Home Tidings,1886-01-23,8,133,24,1
HT0080134.pdf,Home Tidings,1886-01-30,8,134,24,1
HT0080135.pdf,Home Tidings,1886-02-06,8,135,28,1
HT0080136.pdf,Home Tidings,1886-02-13,8,136,28,1
HT0080137.pdf,Home Tidings,1886-02-20,8,137,28,1
HT0080138.pdf,Home Tidings,1886-02-27,8,138,28,1
HT0080139.pdf,Home Tidings,1886-03-06,8,139,24,1
HT0080140.pdf,Home Tidings,1886-03-13,8,140,28,1
HT0080141.pdf,Home Tidings,1886-03-20,8,141,24,1
HT0080142.pdf,Home Tidings,1886-03-27,8,142,24,1
HT0080143.pdf,Home Tidings,1886-04-03,8,143,24,1
HT0080144.pdf,Home Tidings,1886-04-10,8,144,24,1
HT0080145.pdf,Home Tidings,1886-04-17,8,145,20,1
HT0080146.pdf,Home Tidings,1886-04-24,8,146,16,1
HT0080147.pdf,Home Tidings,1886-05-01,8,147,18,1
HT0080148.pdf,Home Tidings,1886-05-08,8,148,24,1
HT0080149.pdf,Home Tidings,1886-05-15,8,149,20,1
HT0080150.pdf,Home Tidings,1886-05-22,8,150,20,1
HT0080151.pdf,Home Tidings,1886-05-29,8,151,16,1
HT0080152.pdf,Home Tidings,1886-06-05,8,152,16,1
HT0080153.pdf,Home Tidings,1886-06-12,8,153,16,1
HT0080154.pdf,Home Tidings,1886-06-19,8,154,16,1
HT0080155.pdf,Home Tidings,1886-06-26,8,155,16,1
HT0090156.pdf,Home Tidings,1886-07-03,9,156,16,1
HT0090157.pdf,Home Tidings,1886-07-10,9,157,16,1
HT0090158.pdf,Home Tidings,1886-07-17,9,158,16,1
HT0090159.pdf,Home Tidings,1886-07-24,9,159,16,1
HT0090160.pdf,Home Tidings,1886-07-31,9,160,16,1
HT0090161.pdf,Home Tidings,1886-08-07,9,161,16,1
HT0090162.pdf,Home Tidings,1886-08-14,9,162,16,1
HT0090163.pdf,Home Tidings,1886-08-21,9,163,16,1
HT0090164.pdf,Home Tidings,1886-08-28,9,164,20,1
HT0090165.pdf,Home Tidings,1886-09-04,9,165,16,1
HT0090166.pdf,Home Tidings,1886-09-11,9,166,16,1
HT0090167.pdf,Home Tidings,1886-09-18,9,167,16,1
HT0090168.pdf,Home Tidings,1886-09-25,9,168,16,1
HT0090169.pdf,Home Tidings,1886-10-02,9,169,16,1
HT0090170.pdf,Home Tidings,1886-10-09,9,170,16,1
HT0090171.pdf,Home Tidings,1886-10-16,9,171,16,1
HT0090172.pdf,Home Tidings,1886-10-23,9,172,8,1
HT0090173.pdf,Home Tidings,1886-10-30,9,173,8,1
HT0090174.pdf,Home Tidings,1886-11-06,9,174,8,1
HT0090175.pdf,Home Tidings,1886-11-13,9,175,8,1
HT0090176.pdf,Home Tidings,1886-11-20,9,176,8,1
HT0090177.pdf,Home Tidings,1886-11-27,9,177,8,1
HT0090178.pdf,Home Tidings,1886-12-04,9,178,8,1
HT0090179.pdf,Home Tidings,1886-12-11,9,179,8,1
HT0090180.pdf,Home Tidings,1886-12-18,9,180,8,1
HT0090181.pdf,Home Tidings,1886-12-25,9,181,12,1
HT0100182.pdf,Home Tidings,1887-01-01,10,182,8,1
HT0100183.pdf,Home Tidings,1887-01-08,10,183,8,1
HT0100184.pdf,Home Tidings,1887-01-15,10,184,8,1
HT0100185.pdf,Home Tidings,1887-01-22,10,185,8,1
HT0100186.pdf,Home Tidings,1887-01-29,10,186,8,1
HT0100187.pdf,Home Tidings,1887-02-05,10,187,8,1
HT0100188.pdf,Home Tidings,1887-02-12,10,188,8,1
HT0100189.pdf,Home Tidings,1887-02-19,10,189,8,1
HT0100190.pdf,Home Tidings,1887-02-26,10,190,8,1
HT0100191.pdf,Home Tidings,1887-03-05,10,191,8,1
HT0100192.pdf,Home Tidings,1887-03-12,10,192,8,1
HT0100193.pdf,Home Tidings,1887-03-19,10,193,16,1
HT0100194.pdf,Home Tidings,1887-03-26,10,194,8,1
HT0100195.pdf,Home Tidings,1887-04-02,10,195,8,2
HT0100196.pdf,Home Tidings,1887-04-09,10,196,8,2
HT0100197.pdf,Home Tidings,1887-04-16,10,197,8,2
HT0100198.pdf,Home Tidings,1887-04-23,10,198,8,2
HT0100199.pdf,Home Tidings,1887-04-30,10,199,8,2
HT0100200.pdf,Home Tidings,1887-05-07,10,200,8,2
HT0100201.pdf,Home Tidings,1887-05-14,10,201,8,2
HT0100202.pdf,Home Tidings,1887-05-21,10,202,8,2
HT0100203.pdf,Home Tidings,1887-05-28,10,203,8,2
HT0100204.pdf,Home Tidings,1887-06-04,10,204,8,2
HT0100205.pdf,Home Tidings,1887-06-11,10,205,8,2
HT0100206.pdf,Home Tidings,1887-06-18,10,206,8,2
HT0100207.pdf,Home Tidings,1887-06-25,10,207,8,2
HT0110208.pdf,Home Tidings,1887-07-02,11,208,8,2
HT0110209.pdf,Home Tidings,1887-07-09,11,209,8,2
HT0110210.pdf,Home Tidings,1887-07-16,11,210,8,2
HT0110211.pdf,Home Tidings,1887-07-23,11,211,8,2
HT0110212.pdf,Home Tidings,1887-07-30,11,212,8,2
HT0110213.pdf,Home Tidings,1887-08-06,11,213,12,2
HT0110214.pdf,Home Tidings,1887-08-13,11,214,8,2
HT0110215.pdf,Home Tidings,1887-08-20,11,215,8,2
HT0110216.pdf,Home Tidings,1887-08-27,11,216,8,2
HT0110217.pdf,Home Tidings,1887-09-03,11,217,8,2
HT0110218.pdf,Home Tidings,1887-09-10,11,218,8,2
HT0110219.pdf,Home Tidings,1887-09-17,11,219,8,2
HT0110220.pdf,Home Tidings,1887-09-24,11,220,8,2
HT0110221.pdf,Home Tidings,1887-10-01,11,221,8,2
HT0110222.pdf,Home Tidings,1887-10-08,11,222,12,2
HT0110223.pdf,Home Tidings,1887-10-15,11,223,8,2
HT0110224.pdf,Home Tidings,1887-10-22,11,224,8,2
HT0110225.pdf,Home Tidings,1887-10-29,11,225,8,2
HT0110226.pdf,Home Tidings,1887-11-05,11,226,8,2
HT0110227.pdf,Home Tidings,1887-11-12,11,227,8,2
HT0110228.pdf,Home Tidings,1887-11-19,11,228,8,2
HT0110229.pdf,Home Tidings,1887-11-26,11,229,8,2
HT0110230.pdf,Home Tidings,1887-12-03,11,230,8,2
HT0110231.pdf,Home Tidings,1887-12-10,11,231,8,2
HT0110232.pdf,Home Tidings,1887-12-17,11,232,12,2
HT0110233.pdf,Home Tidings,1887-12-24,11,233,12,2
HT0110234.pdf,Home Tidings,1887-12-31,11,234,8,2
HT0120235.pdf,Home Tidings,1888-01-07,12,235,8,2
HT0120236.pdf,Home Tidings,1888-01-14,12,236,12,2
HT0120237.pdf,Home Tidings,1888-01-21,12,237,12,2
HT0120238.pdf,Home Tidings,1888-01-28,12,238,12,2
HT0120239.pdf,Home Tidings,1888-02-04,12,239,12,2
HT0120240.pdf,Polytechnic Magazine,1888-02-16,12,240,16,2
HT0120241.pdf,Polytechnic Magazine,1888-02-23,12,241,16,2
HT0120242.pdf,Polytechnic Magazine,1888-03-01,12,242,16,2
HT0120243.pdf,Polytechnic Magazine,1888-03-08,12,243,16,2
HT0120244.pdf,Polytechnic Magazine,1888-03-15,12,244,16,2
HT0120245.pdf,Polytechnic Magazine,1888-03-22,12,245,16,2
HT0120246.pdf,Polytechnic Magazine,1888-03-29,12,246,16,2
HT0120247.pdf,Polytechnic Magazine,1888-04-05,12,247,16,2
HT0120248.pdf,Polytechnic Magazine,1888-04-12,12,248,16,2
HT0120249.pdf,Polytechnic Magazine,1888-04-19,12,249,16,2
HT0120250.pdf,Polytechnic Magazine,1888-04-26,12,250,16,2
HT0120251.pdf,Polytechnic Magazine,1888-05-03,12,251,20,2
HT0120252.pdf,Polytechnic Magazine,1888-05-10,12,252,16,2
HT0120253.pdf,Polytechnic Magazine,1888-05-17,12,253,16,2
HT0120254.pdf,Polytechnic Magazine,1888-05-24,12,254,16,2
HT0120255.pdf,Polytechnic Magazine,1888-05-31,12,255,16,2
HT0120256.pdf,Polytechnic Magazine,1888-06-07,12,256,16,2
HT0120257.pdf,Polytechnic Magazine,1888-06-14,12,257,16,2
HT0120258.pdf,Polytechnic Magazine,1888-06-21,12,258,16,2
HT0120259.pdf,Polytechnic Magazine,1888-06-28,12,259,16,2
HT0130260.pdf,Polytechnic Magazine,1888-07-05,13,260,16,2
HT0130261.pdf,Polytechnic Magazine,1888-07-12,13,261,16,2
HT0130262.pdf,Polytechnic Magazine,1888-07-19,13,262,16,2
HT0130263.pdf,Polytechnic Magazine,1888-07-26,13,263,16,2
HT0130264.pdf,Polytechnic Magazine,1888-08-02,13,264,16,2
HT0130265.pdf,Polytechnic Magazine,1888-08-09,13,265,16,2
HT0130266.pdf,Polytechnic Magazine,1888-08-16,13,266,16,2
HT0130267.pdf,Polytechnic Magazine,1888-08-23,13,267,16,2
HT0130268.pdf,Polytechnic Magazine,1888-08-30,13,268,16,2
HT0130269.pdf,Polytechnic Magazine,1888-09-06,13,269,16,2
HT0130270.pdf,Polytechnic Magazine,1888-09-13,13,270,16,2
HT0130271.pdf,Polytechnic Magazine,1888-09-20,13,271,16,2
HT0130272.pdf,Polytechnic Magazine,1888-09-27,13,272,16,2
HT0130273.pdf,Polytechnic Magazine,1888-10-04,13,273,16,2
HT0130274.pdf,Polytechnic Magazine,1888-10-11,13,274,16,2
HT0130275.pdf,Polytechnic Magazine,1888-10-18,13,275,16,2
HT0130276.pdf,Polytechnic Magazine,1888-10-25,13,276,16,2
HT0130277.pdf,Polytechnic Magazine,1888-11-01,13,277,16,2
HT0130278.pdf,Polytechnic Magazine,1888-11-08,13,278,16,2
HT0130279.pdf,Polytechnic Magazine,1888-11-15,13,279,16,2
HT0130280.pdf,Polytechnic Magazine,1888-11-22,13,280,16,2
HT0130281.pdf,Polytechnic Magazine,1888-11-29,13,281,16,2
HT0130282.pdf,Polytechnic Magazine,1888-12-06,13,282,16,2
HT0130283.pdf,Polytechnic Magazine,1888-12-13,13,283,16,2
HT0130284.pdf,Polytechnic Magazine,1888-12-20,13,284,16,2
HT0130285.pdf,Polytechnic Magazine,1888-12-27,13,285,12,2
HT0140286.pdf,Polytechnic Magazine,1889-01-03,14,286,14,2
HT0140287.pdf,Polytechnic Magazine,1889-01-10,14,287,14,2
HT0140288.pdf,Polytechnic Magazine,1889-01-17,14,288,14,2
HT0140289.pdf,Polytechnic Magazine,1889-01-24,14,289,14,2
HT0140290.pdf,Polytechnic Magazine,1889-01-31,14,290,14,2
HT0140291.pdf,Polytechnic Magazine,1889-02-07,14,291,14,2
HT0140292.pdf,Polytechnic Magazine,1889-02-14,14,292,16,2
HT0140293.pdf,Polytechnic Magazine,1889-02-21,14,293,14,2
HT0140294.pdf,Polytechnic Magazine,1889-02-28,14,294,14,2
HT0140295.pdf,Polytechnic Magazine,1889-03-07,14,295,14,2
HT0140296.pdf,Polytechnic Magazine,1889-03-14,14,296,14,2
HT0140297.pdf,Polytechnic Magazine,1889-03-21,14,297,18,2
HT0140298.pdf,Polytechnic Magazine,1889-03-28,14,298,18,2
HT0140299.pdf,Polytechnic Magazine,1889-04-04,14,299,14,2
HT0140300.pdf,Polytechnic Magazine,1889-04-11,14,300,14,2
HT0140301.pdf,Polytechnic Magazine,1889-04-18,14,301,14,2
HT0140302.pdf,Polytechnic Magazine,1889-04-25,14,302,14,2
HT0140303.pdf,Polytechnic Magazine,1889-05-02,14,303,14,2
HT0140304.pdf,Polytechnic Magazine,1889-05-09,14,304,16,2
HT0140305.pdf,Polytechnic Magazine,1889-05-16,14,305,14,2
HT0140306.pdf,Polytechnic Magazine,1889-05-23,14,306,14,2
HT0140307.pdf,Polytechnic Magazine,1889-05-30,14,307,16,2
HT0140308.pdf,Polytechnic Magazine,1889-06-06,14,308,14,2
HT0140309.pdf,Polytechnic Magazine,1889-06-13,14,309,14,2
HT0140310.pdf,Polytechnic Magazine,1889-06-20,14,310,16,2
HT0140311.pdf,Polytechnic Magazine,1889-06-27,14,311,14,2
HT0150312.pdf,Polytechnic Magazine,1889-07-04,15,312,16,2
HT0150313.pdf,Polytechnic Magazine,1889-07-11,15,313,16,2
HT0150314.pdf,Polytechnic Magazine,1889-07-18,15,314,16,2
HT0150315.pdf,Polytechnic Magazine,1889-07-25,15,315,16,2
HT0150316.pdf,Polytechnic Magazine,1889-08-01,15,316,14,2
HT0150317.pdf,Polytechnic Magazine,1889-08-08,15,317,14,2
HT0150318.pdf,Polytechnic Magazine,1889-08-15,15,318,16,2
HT0150319.pdf,Polytechnic Magazine,1889-08-22,15,319,16,2
HT0150320.pdf,Polytechnic Magazine,1889-08-29,15,320,16,2
HT0150321.pdf,Polytechnic Magazine,1889-09-05,15,321,16,2
HT0150322.pdf,Polytechnic Magazine,1889-09-12,15,322,14,2
HT0150323.pdf,Polytechnic Magazine,1889-09-19,15,323,16,2
HT0150324.pdf,Polytechnic Magazine,1889-09-26,15,324,16,2
HT0150325.pdf,Polytechnic Magazine,1889-10-03,15,325,16,2
HT0150326.pdf,Polytechnic Magazine,1889-10-10,15,326,16,2
HT0150327.pdf,Polytechnic Magazine,1889-10-17,15,327,16,2
HT0150328.pdf,Polytechnic Magazine,1889-10-24,15,328,20,2
HT0150329.pdf,Polytechnic Magazine,1889-10-31,15,329,16,2
HT0150330.pdf,Polytechnic Magazine,1889-11-07,15,330,16,2
HT0150331.pdf,Polytechnic Magazine,1889-11-14,15,331,16,2
HT0150332.pdf,Polytechnic Magazine,1889-11-21,15,332,16,2
HT0150333.pdf,Polytechnic Magazine,1889-11-28,15,333,16,2
HT0150334.pdf,Polytechnic Magazine,1889-12-05,15,334,16,2
HT0150335.pdf,Polytechnic Magazine,1889-12-12,15,335,16,2
HT0150336.pdf,Polytechnic Magazine,1889-12-19,15,336,16,2
HT0150337.pdf,Polytechnic Magazine,1889-12-26,15,337,16,2
HT0160338.pdf,Polytechnic Magazine,1890-01-02,16,338,16,2
HT0160339.pdf,Polytechnic Magazine,1890-01-09,16,339,16,2
HT0160340.pdf,Polytechnic Magazine,1890-01-16,16,340,12,2
HT0160341.pdf,Polytechnic Magazine,1890-01-23,16,341,16,2
HT0160342.pdf,Polytechnic Magazine,1890-01-30,16,342,16,2
HT0160343.pdf,Polytechnic Magazine,1890-02-06,16,343,16,2
HT0160344.pdf,Polytechnic Magazine,1890-02-13,16,344,16,2
HT0160345.pdf,Polytechnic Magazine,1890-02-20,16,345,16,2
HT0160346.pdf,Polytechnic Magazine,1890-02-27,16,346,16,2
HT0160347.pdf,Polytechnic Magazine,1890-03-06,16,347,16,2
HT0160348.pdf,Polytechnic Magazine,1890-03-13,16,348,16,2
HT0160349.pdf,Polytechnic Magazine,1890-03-20,16,349,16,2
HT0160350.pdf,Polytechnic Magazine,1890-03-27,16,350,16,2
HT0160351.pdf,Polytechnic Magazine,1890-04-03,16,351,16,2
HT0160352.pdf,Polytechnic Magazine,1890-04-10,16,352,16,2
HT0160353.pdf,Polytechnic Magazine,1890-04-17,16,353,16,2
HT0160354.pdf,Polytechnic Magazine,1890-04-24,16,354,24,2
HT0160355.pdf,Polytechnic Magazine,1890-05-01,16,355,16,2
HT0160356.pdf,Polytechnic Magazine,1890-05-08,16,356,16,2
HT0160357.pdf,Polytechnic Magazine,1890-05-15,16,357,16,2
HT0160358.pdf,Polytechnic Magazine,1890-05-22,16,358,16,2
HT0160359.pdf,Polytechnic Magazine,1890-05-29,16,359,16,2
HT0160360.pdf,Polytechnic Magazine,1890-06-05,16,360,16,2
HT0160361.pdf,Polytechnic Magazine,1890-06-12,16,361,16,2
HT0160362.pdf,Polytechnic Magazine,1890-06-19,16,362,16,2
HT0160363.pdf,Polytechnic Magazine,1890-06-26,16,363,20,2
HT0170364.pdf,Polytechnic Magazine,1890-07-03,17,364,16,2
HT0170365.pdf,Polytechnic Magazine,1890-07-10,17,365,16,2
HT0170366.pdf,Polytechnic Magazine,1890-07-17,17,366,16,2
HT0170367.pdf,Polytechnic Magazine,1890-07-24,17,367,16,3
HT0170368.pdf,Polytechnic Magazine,1890-07-31,17,368,16,3
HT0170369.pdf,Polytechnic Magazine,1890-08-07,17,369,16,3
HT0170370.pdf,Polytechnic Magazine,1890-08-14,17,370,16,3
HT0170371.pdf,Polytechnic Magazine,1890-08-21,17,371,16,3
HT0170372.pdf,Polytechnic Magazine,1890-08-28,17,372,16,3
HT0170373.pdf,Polytechnic Magazine,1890-09-04,17,373,16,3
HT0170374.pdf,Polytechnic Magazine,1890-09-11,17,374,16,3
HT0170375.pdf,Polytechnic Magazine,1890-09-18,17,375,16,3
HT0170376.pdf,Polytechnic Magazine,1890-09-25,17,376,16,3
HT0170377.pdf,Polytechnic Magazine,1890-10-02,17,377,16,3
HT0170378.pdf,Polytechnic Magazine,1890-10-09,17,378,16,3
HT0170379.pdf,Polytechnic Magazine,1890-10-16,17,379,16,3
HT0170380.pdf,Polytechnic Magazine,1890-10-23,17,380,20,3
HT0170381.pdf,Polytechnic Magazine,1890-10-30,17,381,16,3
HT0170382.pdf,Polytechnic Magazine,1890-11-06,17,382,16,3
HT0170383.pdf,Polytechnic Magazine,1890-11-13,17,383,16,3
HT0170384.pdf,Polytechnic Magazine,1890-11-20,17,384,16,3
HT0170385.pdf,Polytechnic Magazine,1890-11-27,17,385,16,3
HT0170386.pdf,Polytechnic Magazine,1890-12-05,17,386,16,3
HT0170387.pdf,Polytechnic Magazine,1890-12-12,17,387,16,3
HT0170388.pdf,Polytechnic Magazine,1890-12-19,17,388,16,3
HT0170389.pdf,Polytechnic Magazine,1890-12-26,17,389,16,3
HT0180390.pdf,Polytechnic Magazine,1891-01-02,18,390,16,3
HT0180391.pdf,Polytechnic Magazine,1891-01-09,18,391,16,3
HT0180392.pdf,Polytechnic Magazine,1891-01-16,18,392,16,3
HT0180393.pdf,Polytechnic Magazine,1891-01-23,18,393,16,3
HT0180394.pdf,Polytechnic Magazine,1891-01-30,18,394,16,3
HT0180395.pdf,Polytechnic Magazine,1891-02-06,18,395,16,3
HT0180396.pdf,Polytechnic Magazine,1891-02-13,18,396,16,3
HT0180397.pdf,Polytechnic Magazine,1891-02-20,18,397,16,3
HT0180398.pdf,Polytechnic Magazine,1891-02-27,18,398,16,3
HT0180399.pdf,Polytechnic Magazine,1891-03-06,18,399,16,3
HT0180400.pdf,Polytechnic Magazine,1891-03-13,18,400,16,3
HT0180401.pdf,Polytechnic Magazine,1891-03-20,18,401,16,3
HT0180402.pdf,Polytechnic Magazine,1891-03-27,18,402,16,3
HT0180403.pdf,Polytechnic Magazine,1891-04-03,18,403,16,3
HT0180404.pdf,Polytechnic Magazine,1891-04-10,18,404,16,3
HT0180405.pdf,Polytechnic Magazine,1891-04-17,18,405,16,3
HT0180406.pdf,Polytechnic Magazine,1891-04-24,18,406,16,3
HT0180407.pdf,Polytechnic Magazine,1891-05-01,18,407,16,3
HT0180408.pdf,Polytechnic Magazine,1891-05-08,18,408,16,3
HT0180409.pdf,Polytechnic Magazine,1891-05-15,18,409,16,3
HT0180410.pdf,Polytechnic Magazine,1891-05-22,18,410,16,3
HT0180411.pdf,Polytechnic Magazine,1891-05-29,18,411,16,3
HT0180412.pdf,Polytechnic Magazine,1891-06-05,18,412,16,3
HT0180413.pdf,Polytechnic Magazine,1891-06-12,18,413,16,3
HT0180414.pdf,Polytechnic Magazine,1891-06-19,18,414,16,3
HT0180415.pdf,Polytechnic Magazine,1891-06-26,18,415,16,3
HT0190416.pdf,Polytechnic Magazine,1891-07-03,19,416,16,3
HT0190417.pdf,Polytechnic Magazine,1891-07-10,19,417,16,3
HT0190418.pdf,Polytechnic Magazine,1891-07-17,19,418,16,3
HT0190419.pdf,Polytechnic Magazine,1891-07-24,19,419,12,3
HT0190420.pdf,Polytechnic Magazine,1891-07-31,19,420,16,3
HT0190421.pdf,Polytechnic Magazine,1891-08-07,19,421,16,3
HT0190422.pdf,Polytechnic Magazine,1891-08-14,19,422,16,3
HT0190423.pdf,Polytechnic Magazine,1891-08-21,19,423,16,3
HT0190424.pdf,Polytechnic Magazine,1891-08-28,19,424,16,3
HT0190425.pdf,Polytechnic Magazine,1891-09-04,19,425,16,3
HT0190426.pdf,Polytechnic Magazine,1891-09-11,19,426,16,3
HT0190427.pdf,Polytechnic Magazine,1891-09-18,19,427,12,3
HT0190428.pdf,Polytechnic Magazine,1891-09-25,19,428,16,3
HT0190429.pdf,Polytechnic Magazine,1891-10-02,19,429,16,3
HT0190430.pdf,Polytechnic Magazine,1891-10-09,19,430,16,3
HT0190431.pdf,Polytechnic Magazine,1891-10-16,19,431,12,3
HT0190432.pdf,Polytechnic Magazine,1891-10-23,19,432,16,3
HT0190433.pdf,Polytechnic Magazine,1891-10-30,19,433,16,3
HT0190434.pdf,Polytechnic Magazine,1891-11-06,19,434,16,3
HT0190435.pdf,Polytechnic Magazine,1891-11-13,19,435,12,3
HT0190436.pdf,Polytechnic Magazine,1891-11-20,19,436,16,3
HT0190437.pdf,Polytechnic Magazine,1891-11-27,19,437,20,3
HT0190438.pdf,Polytechnic Magazine,1891-12-04,19,438,20,3
HT0190439.pdf,Polytechnic Magazine,1891-12-11,19,439,16,3
HT0190440.pdf,Polytechnic Magazine,1891-12-18,19,440,20,3
HT0190441.pdf,Polytechnic Magazine,1891-12-25,19,441,12,3
HT0200442.pdf,Polytechnic Magazine,1892-01-01,20,442,20,3
HT0200443.pdf,Polytechnic Magazine,1892-01-08,20,443,20,3
HT0200444.pdf,Polytechnic Magazine,1892-01-15,20,444,20,3
HT0200445.pdf,Polytechnic Magazine,1892-01-22,20,445,16,3
HT0200446.pdf,Polytechnic Magazine,1892-01-29,20,446,12,3
HT0200447.pdf,Polytechnic Magazine,1892-02-05,20,447,12,3
HT0200448.pdf,Polytechnic Magazine,1892-02-12,20,448,12,3
HT0200449.pdf,Polytechnic Magazine,1892-02-19,20,449,16,3
HT0200450.pdf,Polytechnic Magazine,1892-02-26,20,450,20,3
HT0200451.pdf,Polytechnic Magazine,1892-03-04,20,451,12,3
HT0200452.pdf,Polytechnic Magazine,1892-03-11,20,452,20,3
HT0200453.pdf,Polytechnic Magazine,1892-03-18,20,453,16,3
HT0200454.pdf,Polytechnic Magazine,1892-03-25,20,454,24,3
HT0200455.pdf,Polytechnic Magazine,1892-03-31,20,455,12,3
HT0200456.pdf,Polytechnic Magazine,1892-04-07,20,456,12,3
HT0200457.pdf,Polytechnic Magazine,1892-04-14,20,457,12,3
HT0200458.pdf,Polytechnic Magazine,1892-04-21,20,458,12,3
HT0200459.pdf,Polytechnic Magazine,1892-04-28,20,459,16,3
HT0200460.pdf,Polytechnic Magazine,1892-05-05,20,460,12,3
HT0200461.pdf,Polytechnic Magazine,1892-05-12,20,461,14,3
HT0200462.pdf,Polytechnic Magazine,1892-05-19,20,462,16,3
HT0200463.pdf,Polytechnic Magazine,1892-05-26,20,463,12,3
HT0200464.pdf,Polytechnic Magazine,1892-06-02,20,464,16,3
HT0200465.pdf,Polytechnic Magazine,1892-06-09,20,465,12,3
HT0200466.pdf,Polytechnic Magazine,1892-06-16,20,466,12,3
HT0200467.pdf,Polytechnic Magazine,1892-06-23,20,467,12,3
HT0200468.pdf,Polytechnic Magazine,1892-06-30,20,468,12,3
HT0210469.pdf,Polytechnic Magazine,1892-07-07,21,469,10,3
HT0210470.pdf,Polytechnic Magazine,1892-07-14,21,470,12,3
HT0210471.pdf,Polytechnic Magazine,1892-07-21,21,471,16,3
HT0210472.pdf,Polytechnic Magazine,1892-07-28,21,472,12,3
HT0210473.pdf,Polytechnic Magazine,1892-08-04,21,473,10,3
HT0210474.pdf,Polytechnic Magazine,1892-08-11,21,474,12,3
HT0210475.pdf,Polytechnic Magazine,1892-08-18,21,475,12,3
HT0210476.pdf,Polytechnic Magazine,1892-08-25,21,476,12,3
HT0210477.pdf,Polytechnic Magazine,1892-09-01,21,477,10,3
HT0210478.pdf,Polytechnic Magazine,1892-09-08,21,478,12,3
HT0210479.pdf,Polytechnic Magazine,1892-09-15,21,479,12,3
HT0210480.pdf,Polytechnic Magazine,1892-09-22,21,480,10,3
HT0210481.pdf,Polytechnic Magazine,1892-09-29,21,481,20,3
HT0210482.pdf,Polytechnic Magazine,1892-10-06,21,482,20,8
HT0210483.pdf,Polytechnic Magazine,1892-10-13,21,483,20,3
HT0210484.pdf,Polytechnic Magazine,1892-10-20,21,484,24,3
HT0210485.pdf,Polytechnic Magazine,1892-10-27,21,485,24,3
HT0210486.pdf,Polytechnic Magazine,1892-11-03,21,486,20,3
HT0210487.pdf,Polytechnic Magazine,1892-11-09,21,487,28,3
HT0210488.pdf,Polytechnic Magazine,1892-11-16,21,488,20,3
HT0210489.pdf,Polytechnic Magazine,1892-11-23,21,489,20,3
HT0210490.pdf,Polytechnic Magazine,1892-11-30,21,490,20,3
HT0210491.pdf,Polytechnic Magazine,1892-12-07,21,491,24,3
HT0210492.pdf,Polytechnic Magazine,1892-12-14,21,492,36,3
HT0210493.pdf,Polytechnic Magazine,1892-12-21,21,493,20,3
HT0210494.pdf,Polytechnic Magazine,1892-12-28,21,494,12,3
HT0220495.pdf,Polytechnic Magazine,1893-01-04,22,495,20,3
HT0220496.pdf,Polytechnic Magazine,1893-01-11,22,496,12,3
HT0220497.pdf,Polytechnic Magazine,1893-01-18,22,497,28,3
HT0220498.pdf,Polytechnic Magazine,1893-01-25,22,498,16,3
HT0220499.pdf,Polytechnic Magazine,1893-02-01,22,499,28,3
HT0220500.pdf,Polytechnic Magazine,1893-02-08,22,500,24,3
HT0220501.pdf,Polytechnic Magazine,1893-02-15,22,501,20,3
HT0220502.pdf,Polytechnic Magazine,1893-02-22,22,502,20,3
HT0220503.pdf,Polytechnic Magazine,1893-03-01,22,503,28,3
HT0220504.pdf,Polytechnic Magazine,1893-03-08,22,504,20,3
HT0220505.pdf,Polytechnic Magazine,1893-03-15,22,505,20,3
HT0220506.pdf,Polytechnic Magazine,1893-03-22,22,506,16,3
HT0220507.pdf,Polytechnic Magazine,1893-03-29,22,507,12,3
HT0220508.pdf,Polytechnic Magazine,1893-04-05,22,508,20,3
HT0220509.pdf,Polytechnic Magazine,1893-04-12,22,509,16,3
HT0220510.pdf,Polytechnic Magazine,1893-04-19,22,510,16,3
HT0220511.pdf,Polytechnic Magazine,1893-04-26,22,511,16,3
HT0220512.pdf,Polytechnic Magazine,1893-05-03,22,512,24,3
HT0220513.pdf,Polytechnic Magazine,1893-05-10,22,513,12,3
HT0220514.pdf,Polytechnic Magazine,1893-05-17,22,514,12,3
HT0220515.pdf,Polytechnic Magazine,1893-05-24,22,515,12,3
HT0220516.pdf,Polytechnic Magazine,1893-05-31,22,516,12,3
HT0220517.pdf,Polytechnic Magazine,1893-06-07,22,517,16,3
HT0220518.pdf,Polytechnic Magazine,1893-06-14,22,518,12,3
HT0220519.pdf,Polytechnic Magazine,1893-06-21,22,519,12,3
HT0220520.pdf,Polytechnic Magazine,1893-06-28,22,520,12,3
HT0230521.pdf,Polytechnic Magazine,1893-07-05,23,521,16,3
HT0230522.pdf,Polytechnic Magazine,1893-07-12,23,522,12,3
HT0230523.pdf,Polytechnic Magazine,1893-07-19,23,523,16,3
HT0230524.pdf,Polytechnic Magazine,1893-07-26,23,524,16,3
HT0230525.pdf,Polytechnic Magazine,1893-08-02,23,525,16,3
HT0230526.pdf,Polytechnic Magazine,1893-08-09,23,526,12,3
HT0230527.pdf,Polytechnic Magazine,1893-08-16,23,527,12,3
HT0230528.pdf,Polytechnic Magazine,1893-08-23,23,528,12,3
HT0230529.pdf,Polytechnic Magazine,1893-08-30,23,529,12,3
HT0230530.pdf,Polytechnic Magazine,1893-09-06,23,530,16,3
HT0230531.pdf,Polytechnic Magazine,1893-09-13,23,531,12,3
HT0230532.pdf,Polytechnic Magazine,1893-09-20,23,532,12,3
HT0230533.pdf,Polytechnic Magazine,1893-09-27,23,533,12,3
HT0230534.pdf,Polytechnic Magazine,1893-10-04,23,534,22,3
HT0230535.pdf,Polytechnic Magazine,1893-10-11,23,535,18,3
HT0230536.pdf,Polytechnic Magazine,1893-10-18,23,536,12,3
HT0230537.pdf,Polytechnic Magazine,1893-10-25,23,537,18,3
HT0230538.pdf,Polytechnic Magazine,1893-11-01,23,538,20,3
HT0230539.pdf,Polytechnic Magazine,1893-11-08,23,539,16,3
HT0230540.pdf,Polytechnic Magazine,1893-11-15,23,540,16,3
HT0230541.pdf,Polytechnic Magazine,1893-11-22,23,541,14,3
HT0230542.pdf,Polytechnic Magazine,1893-11-29,23,542,14,3
HT0230543.pdf,Polytechnic Magazine,1893-12-06,23,543,22,3
HT0230544.pdf,Polytechnic Magazine,1893-12-13,23,544,20,3
HT0230545.pdf,Polytechnic Magazine,1893-12-20,23,545,12,3
HT0240546.pdf,Polytechnic Magazine,1894-01-03,24,546,18,3
HT0240547.pdf,Polytechnic Magazine,1894-01-10,24,547,14,3
HT0240548.pdf,Polytechnic Magazine,1894-01-17,24,548,12,3
HT0240549.pdf,Polytechnic Magazine,1894-01-24,24,549,12,3
HT0240550.pdf,Polytechnic Magazine,1894-01-31,24,550,14,3
HT0240551.pdf,Polytechnic Magazine,1894-02-07,24,551,20,3
HT0240552.pdf,Polytechnic Magazine,1894-02-14,24,552,10,3
HT0240553.pdf,Polytechnic Magazine,1894-02-21,24,553,12,3
HT0240554.pdf,Polytechnic Magazine,1894-02-28,24,554,10,3
HT0240555.pdf,Polytechnic Magazine,1894-03-07,24,555,20,3
HT0240556.pdf,Polytechnic Magazine,1894-03-14,24,556,12,3
HT0240557.pdf,Polytechnic Magazine,1894-03-21,24,557,12,3
HT0240558.pdf,Polytechnic Magazine,1894-03-28,24,558,12,3
HT0240559.pdf,Polytechnic Magazine,1894-04-04,24,559,18,3
HT0240560.pdf,Polytechnic Magazine,1894-04-11,24,560,12,3
HT0240561.pdf,Polytechnic Magazine,1894-04-18,24,561,12,3
HT0240562.pdf,Polytechnic Magazine,1894-04-25,24,562,12,3
HT0240563.pdf,Polytechnic Magazine,1894-05-02,24,563,18,3
HT0240564.pdf,Polytechnic Magazine,1894-05-09,24,564,10,3
HT0240565.pdf,Polytechnic Magazine,1894-05-16,24,565,10,3
HT0240566.pdf,Polytechnic Magazine,1894-05-23,24,566,12,3
HT0240567.pdf,Polytechnic Magazine,1894-05-30,24,567,12,3
HT0240568.pdf,Polytechnic Magazine,1894-06-06,24,568,16,4
HT0240569.pdf,Polytechnic Magazine,1894-06-13,24,569,12,4
HT0240570.pdf,Polytechnic Magazine,1894-06-20,24,570,16,4
HT0240571.pdf,Polytechnic Magazine,1894-06-27,24,571,14,4
HT0250572.pdf,Polytechnic Magazine,1894-07-04,25,572,18,4
HT0250573.pdf,Polytechnic Magazine,1894-07-11,25,573,12,4
HT0250574.pdf,Polytechnic Magazine,1894-07-18,25,574,18,4
HT0250575.pdf,Polytechnic Magazine,1894-07-25,25,575,14,4
HT0250576.pdf,Polytechnic Magazine,1894-08-01,25,576,14,4
HT0250577.pdf,Polytechnic Magazine,1894-08-08,25,577,10,4
HT0250578.pdf,Polytechnic Magazine,1894-08-15,25,578,10,4
HT0250579.pdf,Polytechnic Magazine,1894-08-22,25,579,10,4
HT0250580.pdf,Polytechnic Magazine,1894-08-29,25,580,12,4
HT0250581.pdf,Polytechnic Magazine,1894-09-05,25,581,10,4
HT0250582.pdf,Polytechnic Magazine,1894-09-12,25,582,10,4
HT0250583.pdf,Polytechnic Magazine,1894-09-19,25,583,10,4
HT0250584.pdf,Polytechnic Magazine,1894-09-26,25,584,10,4
HT0250585.pdf,Polytechnic Magazine,1894-10-03,25,585,20,4
HT0250586.pdf,Polytechnic Magazine,1894-10-10,25,586,16,4
HT0250587.pdf,Polytechnic Magazine,1894-10-17,25,587,18,4
HT0250588.pdf,Polytechnic Magazine,1894-10-24,25,588,16,4
HT0250589.pdf,Polytechnic Magazine,1894-10-31,25,589,18,4
HT0250590.pdf,Polytechnic Magazine,1894-11-07,25,590,20,4
HT0250591.pdf,Polytechnic Magazine,1894-11-14,25,591,16,4
HT0250592.pdf,Polytechnic Magazine,1894-11-21,25,592,16,4
HT0250593.pdf,Polytechnic Magazine,1894-11-28,25,593,20,4
HT0250594.pdf,Polytechnic Magazine,1894-12-05,25,594,16,4
HT0250595.pdf,Polytechnic Magazine,1894-12-12,25,595,18,4
HT0250596.pdf,Polytechnic Magazine,1894-12-19,25,596,16,4
HT0250597.pdf,Polytechnic Magazine,1894-12-28,25,597,8,4
HT0260598.pdf,Polytechnic Magazine,1895-01-02,26,598,18,4
HT0260599.pdf,Polytechnic Magazine,1895-01-09,26,599,14,4
HT0260600.pdf,Polytechnic Magazine,1895-01-16,26,600,14,4
HT0260601.pdf,Polytechnic Magazine,1895-01-23,26,601,16,4
HT0260602.pdf,Polytechnic Magazine,1895-02-13,26,602,12,4
HT0260603.pdf,Polytechnic Magazine,1895-02-06,26,603,16,4
HT0260604.pdf,Polytechnic Magazine,1895-02-13,26,604,12,13
HT0260605.pdf,Polytechnic Magazine,1895-02-20,26,605,16,4
HT0260606.pdf,Polytechnic Magazine,1895-02-27,26,606,16,4
HT0260607.pdf,Polytechnic Magazine,1895-03-06,26,607,16,4
HT0260608.pdf,Polytechnic Magazine,1895-03-13,26,608,16,4
HT0260609.pdf,Polytechnic Magazine,1895-03-20,26,609,8,4
HT0260610.pdf,Polytechnic Magazine,1895-03-27,26,610,16,4
HT0260611.pdf,Polytechnic Magazine,1895-04-03,26,611,16,4
HT0260612.pdf,Polytechnic Magazine,1895-04-10,26,612,6,4
HT0260613.pdf,Polytechnic Magazine,1895-04-17,26,613,6,4
HT0260614.pdf,Polytechnic Magazine,1895-04-24,26,614,8,4
HT0260615.pdf,Polytechnic Magazine,1895-05-01,26,615,14,4
HT0260616.pdf,Polytechnic Magazine,1895-05-08,26,616,12,4
HT0260617.pdf,Polytechnic Magazine,1895-05-15,26,617,12,4
HT0260618.pdf,Polytechnic Magazine,1895-05-22,26,618,12,4
HT0260619.pdf,Polytechnic Magazine,1895-05-29,26,619,10,4
HT0260620.pdf,Polytechnic Magazine,1895-06-05,26,620,12,4
HT0260621.pdf,Polytechnic Magazine,1895-06-12,26,621,12,4
HT0260622.pdf,Polytechnic Magazine,1895-06-19,26,622,12,4
HT0260623.pdf,Polytechnic Magazine,1895-06-26,26,623,10,4
HT0270624.pdf,Polytechnic Magazine,1895-07-03,27,624,16,4
HT0270625.pdf,Polytechnic Magazine,1895-07-10,27,625,12,4
HT0270626.pdf,Polytechnic Magazine,1895-07-17,27,626,14,4
HT0270627.pdf,Polytechnic Magazine,1895-07-24,27,627,14,4
HT0270628.pdf,Polytechnic Magazine,1895-07-31,27,628,12,4
HT0270629.pdf,Polytechnic Magazine,1895-08-07,27,629,10,4
HT0270630.pdf,Polytechnic Magazine,1895-08-14,27,630,8,4
HT0270631.pdf,Polytechnic Magazine,1895-08-21,27,631,8,4
HT0270632.pdf,Polytechnic Magazine,1895-08-28,27,632,10,4
HT0270633.pdf,Polytechnic Magazine,1895-09-04,27,633,12,4
HT0270634.pdf,Polytechnic Magazine,1895-09-11,27,634,14,4
HT0270635.pdf,Polytechnic Magazine,1895-09-18,27,635,10,4
HT0270636.pdf,Polytechnic Magazine,1895-09-25,27,636,12,4
HT0270637.pdf,Polytechnic Magazine,1895-10-02,27,637,16,4
HT0270638.pdf,Polytechnic Magazine,1895-10-09,27,638,14,4
HT0270639.pdf,Polytechnic Magazine,1895-10-16,27,639,18,4
HT0270640.pdf,Polytechnic Magazine,1895-10-23,27,641,16,4
HT0270641.pdf,Polytechnic Magazine,1895-10-30,27,642,16,4
HT0270642.pdf,Polytechnic Magazine,1895-11-06,27,643,20,4
HT0270643.pdf,Polytechnic Magazine,1895-11-13,27,644,16,4
HT0270644.pdf,Polytechnic Magazine,1895-11-20,27,645,16,4
HT0270645.pdf,Polytechnic Magazine,1895-11-27,27,646,16,4
HT0270646.pdf,Polytechnic Magazine,1895-12-04,27,647,20,4
HT0270647.pdf,Polytechnic Magazine,1895-12-11,27,648,16,4
HT0270648.pdf,Polytechnic Magazine,1895-12-18,27,649,16,4
HT0270649.pdf,Polytechnic Magazine,1895-12-24,27,650,6,4
HT0280650.pdf,Polytechnic Magazine,1896-01-01,28,651,12,4
HT0280651.pdf,Polytechnic Magazine,1896-08-01,28,652,12,4
HT0280652.pdf,Polytechnic Magazine,1896-01-15,28,653,12,4
HT0280653.pdf,Polytechnic Magazine,1896-01-22,28,654,12,4
HT0280654.pdf,Polytechnic Magazine,1896-01-29,28,655,16,4
HT0280655.pdf,Polytechnic Magazine,1896-02-05,28,656,18,4
HT0280656.pdf,Polytechnic Magazine,1896-02-12,28,657,12,4
HT0280657.pdf,Polytechnic Magazine,1896-02-19,28,658,14,4
HT0280658.pdf,Polytechnic Magazine,1896-02-26,28,659,12,4
HT0280659.pdf,Polytechnic Magazine,1896-03-04,28,660,16,4
HT0280660.pdf,Polytechnic Magazine,1896-03-11,28,661,16,4
HT0280661.pdf,Polytechnic Magazine,1896-03-18,28,662,12,4
HT0280662.pdf,Polytechnic Magazine,1896-03-25,28,663,12,4
HT0280663.pdf,Polytechnic Magazine,1896-04-01,28,664,12,4
HT0280664.pdf,Polytechnic Magazine,1896-04-08,28,665,8,4
HT0280665.pdf,Polytechnic Magazine,1896-04-15,28,666,10,4
HT0280666.pdf,Polytechnic Magazine,1896-04-22,28,667,10,4
HT0280667.pdf,Polytechnic Magazine,1896-04-29,28,668,12,4
HT0280668.pdf,Polytechnic Magazine,1896-05-06,28,669,16,4
HT0280669.pdf,Polytechnic Magazine,1896-05-13,28,670,10,4
HT0280670.pdf,Polytechnic Magazine,1896-05-20,28,671,16,4
HT0280671.pdf,Polytechnic Magazine,1896-05-27,28,672,8,4
HT0280672.pdf,Polytechnic Magazine,1896-06-03,28,673,12,4
HT0280673.pdf,Polytechnic Magazine,1896-06-10,28,674,12,4
HT0280674.pdf,Polytechnic Magazine,1896-06-17,28,675,8,4
HT0280675.pdf,Polytechnic Magazine,1896-06-24,28,676,10,4
HT0290677.pdf,Polytechnic Magazine,1896-07-01,29,677,12,4
HT0290678.pdf,Polytechnic Magazine,1896-07-08,29,678,12,4
HT0290679.pdf,Polytechnic Magazine,1896-07-15,29,679,12,4
HT0290680.pdf,Polytechnic Magazine,1896-07-22,29,680,12,4
HT0290681.pdf,Polytechnic Magazine,1896-07-29,29,681,8,4
HT0290682.pdf,Polytechnic Magazine,1896-08-05,29,682,12,4
HT0290683.pdf,Polytechnic Magazine,1896-08-12,29,683,8,4
HT0290684.pdf,Polytechnic Magazine,1896-08-19,29,684,10,4
HT0290685.pdf,Polytechnic Magazine,1896-08-26,29,685,8,4
HT0290686.pdf,Polytechnic Magazine,1896-09-02,29,686,12,4
HT0290687.pdf,Polytechnic Magazine,1896-09-09,29,687,18,4
HT0290688.pdf,Polytechnic Magazine,1896-09-16,29,688,10,13
HT0290689.pdf,Polytechnic Magazine,1896-09-23,29,689,12,4
HT0290690.pdf,Polytechnic Magazine,1896-09-30,29,690,10,4
HT0290691.pdf,Polytechnic Magazine,1896-10-07,29,691,16,4
HT0290692.pdf,Polytechnic Magazine,1896-10-14,29,692,14,4
HT0290693.pdf,Polytechnic Magazine,1896-10-21,29,693,12,4
HT0290694.pdf,Polytechnic Magazine,1896-10-28,29,694,14,4
HT0290695.pdf,Polytechnic Magazine,1896-11-04,29,695,18,4
HT0290696.pdf,Polytechnic Magazine,1896-11-11,29,696,14,4
HT0290697.pdf,Polytechnic Magazine,1896-11-18,29,697,18,4
HT0290698.pdf,Polytechnic Magazine,1896-11-25,29,698,14,4
HT0290699.pdf,Polytechnic Magazine,1896-12-02,29,699,18,4
HT0290700.pdf,Polytechnic Magazine,1896-12-09,29,700,16,4
HT0290701.pdf,Polytechnic Magazine,1896-12-16,29,701,16,4
HT0290702.pdf,Polytechnic Magazine,1896-12-22,29,702,16,4
HT0290703.pdf,Polytechnic Magazine,1896-12-29,29,703,38,4
HT0290704.pdf,Polytechnic Magazine,1896-12-30,29,704,10,4
HT0300705.pdf,Polytechnic Magazine,1897-01-06,30,705,10,4
HT0300706.pdf,Polytechnic Magazine,1897-01-13,30,706,12,4
HT0300707.pdf,Polytechnic Magazine,1897-01-20,30,707,10,4
HT0300708.pdf,Polytechnic Magazine,1897-01-27,30,708,12,4
HT0300709.pdf,Polytechnic Magazine,1897-02-03,30,709,14,4
HT0300710.pdf,Polytechnic Magazine,1897-02-10,30,710,14,4
HT0300711.pdf,Polytechnic Magazine,1897-02-17,30,711,14,4
HT0300712.pdf,Polytechnic Magazine,1897-02-24,30,712,14,4
HT0300713.pdf,Polytechnic Magazine,1897-03-03,30,713,14,4
HT0300714.pdf,Polytechnic Magazine,1897-03-10,30,714,12,4
HT0300715.pdf,Polytechnic Magazine,1897-03-17,30,715,10,4
HT0300716.pdf,Polytechnic Magazine,1897-03-24,30,716,12,4
HT0300717.pdf,Polytechnic Magazine,1897-03-31,30,717,10,4
HT0300718.pdf,Polytechnic Magazine,1897-04-07,30,718,12,4
HT0300719.pdf,Polytechnic Magazine,1897-04-14,30,719,10,4
HT0300720.pdf,Polytechnic Magazine,1897-04-21,30,720,10,4
HT0300721.pdf,Polytechnic Magazine,1897-04-28,30,721,10,4
HT0300722.pdf,Polytechnic Magazine,1897-05-05,30,722,14,4
HT0300723.pdf,Polytechnic Magazine,1897-05-12,30,723,8,4
HT0300724.pdf,Polytechnic Magazine,1897-05-19,30,724,10,4
HT0300725.pdf,Polytechnic Magazine,1897-05-26,30,725,14,4
HT0300726.pdf,Polytechnic Magazine,1897-06-02,30,726,14,4
HT0300727.pdf,Polytechnic Magazine,1897-06-09,30,727,10,4
HT0300728.pdf,Polytechnic Magazine,1897-06-16,30,728,14,4
HT0300729.pdf,Polytechnic Magazine,1897-06-23,30,729,10,4
HT0300730.pdf,Polytechnic Magazine,1897-06-30,30,730,12,4
HT0310731.pdf,Polytechnic Magazine,1897-07-07,31,731,12,4
HT0310732.pdf,Polytechnic Magazine,1897-07-14,31,732,14,4
HT0310733.pdf,Polytechnic Magazine,1897-07-21,31,733,12,4
HT0310734.pdf,Polytechnic Magazine,1897-07-28,31,734,8,4
HT0310735.pdf,Polytechnic Magazine,1897-08-04,31,735,8,4
HT0310736.pdf,Polytechnic Magazine,1897-08-11,31,736,10,4
HT0310737.pdf,Polytechnic Magazine,1897-08-18,31,737,8,4
HT0310738.pdf,Polytechnic Magazine,1897-08-25,31,738,8,4
HT0310739.pdf,Polytechnic Magazine,1897-09-01,31,739,8,4
HT0310740.pdf,Polytechnic Magazine,1897-09-08,31,740,8,4
HT0310741.pdf,Polytechnic Magazine,1897-09-15,31,741,8,4
HT0310742.pdf,Polytechnic Magazine,1897-09-22,31,742,10,4
HT0310743.pdf,Polytechnic Magazine,1897-09-29,31,743,10,4
HT0310744.pdf,Polytechnic Magazine,1897-10-06,31,744,14,4
HT0310745.pdf,Polytechnic Magazine,1897-10-13,31,745,10,4
HT0310746.pdf,Polytechnic Magazine,1897-10-20,31,746,14,4
HT0310747.pdf,Polytechnic Magazine,1897-10-27,31,747,12,4
HT0310748.pdf,Polytechnic Magazine,1897-11-03,31,748,14,4
HT0310749.pdf,Polytechnic Magazine,1897-11-10,31,749,14,4
HT0310750.pdf,Polytechnic Magazine,1897-11-17,31,750,10,4
HT0310751.pdf,Polytechnic Magazine,1897-11-24,31,751,14,4
HT0310752.pdf,Polytechnic Magazine,1897-12-01,31,752,14,4
HT0310753.pdf,Polytechnic Magazine,1897-12-08,31,753,14,4
HT0310754.pdf,Polytechnic Magazine,1897-12-15,31,754,10,4
HT0310755.pdf,Polytechnic Magazine,1897-12-22,31,755,10,4
HT0310756.pdf,Polytechnic Magazine,1897-12-29,31,756,8,4
HT0320757.pdf,Polytechnic Magazine,1898-01-10,32,757,16,4
HT0320759.pdf,Polytechnic Magazine,1898-01-12,32,759,12,4
HT0320760.pdf,Polytechnic Magazine,1898-01-19,32,760,12,4
HT0320761.pdf,Polytechnic Magazine,1898-01-26,32,761,12,4
HT0320762.pdf,Polytechnic Magazine,1898-02-02,32,762,14,4
HT0320763.pdf,Polytechnic Magazine,1898-02-09,32,763,12,4
HT0320764.pdf,Polytechnic Magazine,1898-02-16,32,764,12,4
HT0320765.pdf,Polytechnic Magazine,1898-02-23,32,765,12,4
HT0320766.pdf,Polytechnic Magazine,1898-03-02,32,766,14,4
HT0320767.pdf,Polytechnic Magazine,1898-03-09,32,767,10,4
HT0320768.pdf,Polytechnic Magazine,1898-03-16,32,768,10,4
HT0320769.pdf,Polytechnic Magazine,1898-03-23,32,769,10,4
HT0320770.pdf,Polytechnic Magazine,1898-03-30,32,770,10,4
HT0320771.pdf,Polytechnic Magazine,1898-04-06,32,771,10,4
HT0320772.pdf,Polytechnic Magazine,1898-04-13,32,772,10,4
HT0320773.pdf,Polytechnic Magazine,1898-04-20,32,773,10,4
HT0320774.pdf,Polytechnic Magazine,1898-04-27,32,774,10,4
HT0320775.pdf,Polytechnic Magazine,1898-05-04,32,775,14,4
HT0320776.pdf,Polytechnic Magazine,1898-05-11,32,776,10,4
HT0320777.pdf,Polytechnic Magazine,1898-05-18,32,777,10,4
HT0320778.pdf,Polytechnic Magazine,1898-05-25,32,778,8,4
HT0320779.pdf,Polytechnic Magazine,1898-06-08,32,779,18,4
HT0320780.pdf,Polytechnic Magazine,1898-06-15,32,780,14,4
HT0320781.pdf,Polytechnic Magazine,1898-06-22,32,781,10,4
HT0320782.pdf,Polytechnic Magazine,1898-06-29,32,782,12,4
HT0330783.pdf,Polytechnic Magazine,1898-07-06,33,783,14,4
HT0330784.pdf,Polytechnic Magazine,1898-07-13,33,784,10,4
HT0330785.pdf,Polytechnic Magazine,1898-07-20,33,785,8,4
HT0330786.pdf,Polytechnic Magazine,1898-07-27,33,786,10,4
HT0330787.pdf,Polytechnic Magazine,1898-08-10,33,787,10,4
HT0330788.pdf,Polytechnic Magazine,1898-08-17,33,788,10,4
HT0330789.pdf,Polytechnic Magazine,1898-08-24,33,789,8,4
HT0330790.pdf,Polytechnic Magazine,1898-08-31,33,790,10,4
HT0330791.pdf,Polytechnic Magazine,1898-09-07,33,791,10,4
HT0330792.pdf,Polytechnic Magazine,1898-09-14,33,792,10,4
HT0330793.pdf,Polytechnic Magazine,1898-09-21,33,793,10,4
HT0330794.pdf,Polytechnic Magazine,1898-09-28,33,794,10,4
HT0330795.pdf,Polytechnic Magazine,1898-10-05,33,795,14,4
HT0330796.pdf,Polytechnic Magazine,1898-10-12,33,796,10,4
HT0330797.pdf,Polytechnic Magazine,1898-10-19,33,797,14,4
HT0330798.pdf,Polytechnic Magazine,1898-10-26,33,798,12,4
HT0330799.pdf,Polytechnic Magazine,1898-11-02,33,799,14,4
HT0330800.pdf,Polytechnic Magazine,1898-11-09,33,800,10,4
HT0330801.pdf,Polytechnic Magazine,1898-11-16,33,801,14,4
HT0330802.pdf,Polytechnic Magazine,1898-11-23,33,802,10,4
HT0330803.pdf,Polytechnic Magazine,1898-11-30,33,803,10,4
HT0330804.pdf,Polytechnic Magazine,1898-12-07,33,804,14,4
HT0330805.pdf,Polytechnic Magazine,1898-12-14,33,805,20,4
HT0330806.pdf,Polytechnic Magazine,1898-12-14,33,806,10,4
HT0330807.pdf,Polytechnic Magazine,1898-12-21,33,807,12,4
HT0330808.pdf,Polytechnic Magazine,1898-12-21,33,808,10,4
HT0340809.pdf,Polytechnic Magazine,1899-01-04,34,809,14,4
HT0340810.pdf,Polytechnic Magazine,1899-01-11,34,810,8,4
HT0340811.pdf,Polytechnic Magazine,1899-01-18,34,811,10,4
HT0340812.pdf,Polytechnic Magazine,1899-01-25,34,812,12,4
HT0340813.pdf,Polytechnic Magazine,1899-02-01,34,813,14,4
HT0340814.pdf,Polytechnic Magazine,1899-02-08,34,814,12,4
HT0340815.pdf,Polytechnic Magazine,1899-02-15,34,815,10,4
HT0340816.pdf,Polytechnic Magazine,1899-02-22,34,816,14,4
HT0340817.pdf,Polytechnic Magazine,1899-03-01,34,817,18,4
HT0340818.pdf,Polytechnic Magazine,1899-03-08,34,818,12,4
HT0340819.pdf,Polytechnic Magazine,1899-03-15,34,819,16,4
HT0340820.pdf,Polytechnic Magazine,1899-03-22,34,820,14,4
HT0340821.pdf,Polytechnic Magazine,1899-03-29,34,821,16,4
HT0340822.pdf,Polytechnic Magazine,1899-04-12,34,822,16,6
HT0340823.pdf,Polytechnic Magazine,1899-04-19,34,823,16,6
HT0340824.pdf,Polytechnic Magazine,1899-04-26,34,824,14,6
HT0340825.pdf,Polytechnic Magazine,1899-05-03,34,825,16,6
HT0340826.pdf,Polytechnic Magazine,1899-05-10,34,826,16,6
HT0340827.pdf,Polytechnic Magazine,1899-05-17,34,827,16,6
HT0340828.pdf,Polytechnic Magazine,1899-05-31,34,828,16,6
HT0340829.pdf,Polytechnic Magazine,1899-06-07,34,829,16,6
HT0340830.pdf,Polytechnic Magazine,1899-06-14,34,830,16,6
HT0340831.pdf,Polytechnic Magazine,1899-06-21,34,831,14,6
HT0340832.pdf,Polytechnic Magazine,1899-06-28,34,832,16,6
HT0350833.pdf,Polytechnic Magazine,1899-07-05,35,833,16,6
HT0350834.pdf,Polytechnic Magazine,1899-07-12,35,834,12,6
HT0350835.pdf,Polytechnic Magazine,1899-07-19,35,835,16,6
HT0350836.pdf,Polytechnic Magazine,1899-07-26,35,836,16,6
HT0350837.pdf,Polytechnic Magazine,1899-08-02,35,837,14,6
HT0350838.pdf,Polytechnic Magazine,1899-08-16,35,838,14,6
HT0350839.pdf,Polytechnic Magazine,1899-08-23,35,839,10,6
HT0350840.pdf,Polytechnic Magazine,1899-08-30,35,840,10,6
HT0350841.pdf,Polytechnic Magazine,1899-09-06,35,841,12,6
HT0350842.pdf,Polytechnic Magazine,1899-09-13,35,842,12,6
HT0350843.pdf,Polytechnic Magazine,1899-09-20,35,843,12,6
HT0350844.pdf,Polytechnic Magazine,1899-09-27,35,844,16,6
HT0350845.pdf,Polytechnic Magazine,1899-10-04,35,845,14,6
HT0350846.pdf,Polytechnic Magazine,1899-10-11,35,846,16,6
HT0350847.pdf,Polytechnic Magazine,1899-10-18,35,847,12,6
HT0350848.pdf,Polytechnic Magazine,1899-10-25,35,848,12,6
HT0350849.pdf,Polytechnic Magazine,1899-11-01,35,849,16,6
HT0350850.pdf,Polytechnic Magazine,1899-11-08,35,850,16,6
HT0350851.pdf,Polytechnic Magazine,1899-11-15,35,851,16,6
HT0350852.pdf,Polytechnic Magazine,1899-11-22,35,852,12,6
HT0350853.pdf,Polytechnic Magazine,1899-11-29,35,853,12,6
HT0350854.pdf,Polytechnic Magazine,1899-12-06,35,854,16,6
HT0350855.pdf,Polytechnic Magazine,1899-12-13,35,855,12,6
HT0350856.pdf,Polytechnic Magazine,1899-12-20,35,856,18,6
HT0360857.pdf,Polytechnic Magazine,1900-01-03,36,857,12,6
HT0360858.pdf,Polytechnic Magazine,1900-01-10,36,858,18,6
HT0360859.pdf,Polytechnic Magazine,1900-01-17,36,859,12,6
HT0360860.pdf,Polytechnic Magazine,1900-01-24,36,860,12,6
HT0360861.pdf,Polytechnic Magazine,1900-01-31,36,861,12,6
HT0360862.pdf,Polytechnic Magazine,1900-02-07,36,862,14,6
HT0360863.pdf,Polytechnic Magazine,1900-02-14,36,863,10,6
HT0360864.pdf,Polytechnic Magazine,1900-02-21,36,864,14,6
HT0360865.pdf,Polytechnic Magazine,1900-02-28,36,865,12,6
HT0360866.pdf,Polytechnic Magazine,1900-03-07,36,866,14,6
HT0360867.pdf,Polytechnic Magazine,1900-03-14,36,867,14,6
HT0360868.pdf,Polytechnic Magazine,1900-03-21,36,868,12,6
HT0360869.pdf,Polytechnic Magazine,1900-03-28,36,869,10,6
HT0360870.pdf,Polytechnic Magazine,1900-04-04,36,870,12,6
HT0360871.pdf,Polytechnic Magazine,1900-04-11,36,871,12,6
HT0360872.pdf,Polytechnic Magazine,1900-04-25,36,872,12,6
HT0360872a.pdf,Polytechnic Magazine,n.d.,36,872a,1,6
HT0360873.pdf,Polytechnic Magazine,1900-05-02,36,873,14,6
HT0360874.pdf,Polytechnic Magazine,1900-05-09,36,874,12,6
HT0360875.pdf,Polytechnic Magazine,1900-05-16,36,875,12,6
HT0360876.pdf,Polytechnic Magazine,1900-05-23,36,876,14,6
HT0360877.pdf,Polytechnic Magazine,1900-05-30,36,877,12,6
HT0360878.pdf,Polytechnic Magazine,1900-06-13,36,878,18,6
HT0360879.pdf,Polytechnic Magazine,1900-06-20,36,879,14,6
HT0360880.pdf,Polytechnic Magazine,1900-06-27,36,880,12,6
HT0370881.pdf,Polytechnic Magazine,1900-07-04,37,881,14,6
HT0370882.pdf,Polytechnic Magazine,1900-07-11,37,882,12,6
HT0370883.pdf,Polytechnic Magazine,1900-07-18,37,883,14,6
HT0370884.pdf,Polytechnic Magazine,1900-07-25,37,884,14,6
HT0370885.pdf,Polytechnic Magazine,1900-08-01,37,885,14,6
HT0370886.pdf,Polytechnic Magazine,1900-08-15,37,886,14,6
HT0370887.pdf,Polytechnic Magazine,1900-08-22,37,887,10,6
HT0370888.pdf,Polytechnic Magazine,1900-08-29,37,888,10,6
HT0370889.pdf,Polytechnic Magazine,1900-09-05,37,889,10,6
HT0370890.pdf,Polytechnic Magazine,1900-09-12,37,890,12,6
HT0370891.pdf,Polytechnic Magazine,1900-09-19,37,891,10,6
HT0370892.pdf,Polytechnic Magazine,1900-09-26,37,892,10,6
HT0370893.pdf,Polytechnic Magazine,1900-10-03,37,893,12,6
HT0370894.pdf,Polytechnic Magazine,1900-10-10,37,894,12,6
HT0370895.pdf,Polytechnic Magazine,1900-10-17,37,895,14,6
HT0370896.pdf,Polytechnic Magazine,1900-10-24,37,896,12,6
HT0370897.pdf,Polytechnic Magazine,1900-10-31,37,897,10,6
HT0370898.pdf,Polytechnic Magazine,1900-11-07,37,898,14,6
HT0370899.pdf,Polytechnic Magazine,1900-11-14,37,899,12,6
HT0370900.pdf,Polytechnic Magazine,1900-11-21,37,900,12,6
HT0370901.pdf,Polytechnic Magazine,1900-11-28,37,901,14,6
HT0370902.pdf,Polytechnic Magazine,1900-12-05,37,902,16,6
HT0370903.pdf,Polytechnic Magazine,1900-12-12,37,903,10,6
HT0370904.pdf,Polytechnic Magazine,1900-12-19,37,904,26,6
HT0380905.pdf,Polytechnic Magazine,1901-01-02,38,905,12,6
HT0380906.pdf,Polytechnic Magazine,1901-01-09,38,906,14,6
HT0380907.pdf,Polytechnic Magazine,1901-01-16,38,907,10,6
HT0380908.pdf,Polytechnic Magazine,1901-01-23,38,908,12,6
HT0380909.pdf,Polytechnic Magazine,1901-01-30,38,909,12,6
HT0380910.pdf,Polytechnic Magazine,1901-02-06,38,910,12,6
HT0380911.pdf,Polytechnic Magazine,1901-02-13,38,911,12,6
HT0380912.pdf,Polytechnic Magazine,1901-02-20,38,912,12,6
HT0380913.pdf,Polytechnic Magazine,1901-02-27,38,913,14,6
HT0380914.pdf,Polytechnic Magazine,1901-03-06,38,914,14,6
HT0380915.pdf,Polytechnic Magazine,1901-03-13,38,915,12,6
HT0380916.pdf,Polytechnic Magazine,1901-03-20,38,916,15,6
HT0380917.pdf,Polytechnic Magazine,1901-03-27,38,917,12,6
HT0380918.pdf,Polytechnic Magazine,1901-04-03,38,918,12,6
HT0380919.pdf,Polytechnic Magazine,1901-04-17,38,919,10,6
HT0380920.pdf,Polytechnic Magazine,1901-04-24,38,920,10,6
HT0380921.pdf,Polytechnic Magazine,1901-05-01,38,921,10,6
HT0380922.pdf,Polytechnic Magazine,1901-05-08,38,922,12,6
HT0380923.pdf,Polytechnic Magazine,1901-05-15,38,923,12,6
HT0380924.pdf,Polytechnic Magazine,1901-05-22,38,924,12,6
HT0380925.pdf,Polytechnic Magazine,1901-06-05,38,925,14,6
HT0380926.pdf,Polytechnic Magazine,1901-06-12,38,926,10,6
HT0380927.pdf,Polytechnic Magazine,1901-06-19,38,927,10,6
HT0380928.pdf,Polytechnic Magazine,1901-06-26,38,928,10,6
HT0390929.pdf,Polytechnic Magazine,1901-07-03,39,929,12,6
HT0390930.pdf,Polytechnic Magazine,1901-07-10,39,930,12,6
HT0390931.pdf,Polytechnic Magazine,1901-07-17,39,931,8,6
HT0390932.pdf,Polytechnic Magazine,1901-07-24,39,932,14,6
HT0390933.pdf,Polytechnic Magazine,1901-07-31,39,933,10,6
HT0390934.pdf,Polytechnic Magazine,1901-08-14,39,934,10,6
HT0390935.pdf,Polytechnic Magazine,1901-08-21,39,935,10,6
HT0390936.pdf,Polytechnic Magazine,1901-08-28,39,936,10,6
HT0390937.pdf,Polytechnic Magazine,1901-09-04,39,937,12,6
HT0390938.pdf,Polytechnic Magazine,1901-09-11,39,938,10,6
HT0390939.pdf,Polytechnic Magazine,1901-09-18,39,939,10,6
HT0390940.pdf,Polytechnic Magazine,1901-09-25,39,940,10,6
HT0390941.pdf,Polytechnic Magazine,1901-10-02,39,941,10,6
HT0390942.pdf,Polytechnic Magazine,1901-10-09,39,942,10,6
HT0390943.pdf,Polytechnic Magazine,1901-10-16,39,943,10,6
HT0390944.pdf,Polytechnic Magazine,1901-10-23,39,944,12,6
HT0390945.pdf,Polytechnic Magazine,1901-10-30,39,945,10,6
HT0390946.pdf,Polytechnic Magazine,1901-11-06,39,946,16,6
HT0390947.pdf,Polytechnic Magazine,1901-11-13,39,947,12,6
HT0390948.pdf,Polytechnic Magazine,1901-11-20,39,948,10,6
HT0390949.pdf,Polytechnic Magazine,1901-11-27,39,949,10,6
HT0390950.pdf,Polytechnic Magazine,1901-12-04,39,950,12,6
HT0390951.pdf,Polytechnic Magazine,1901-12-11,39,951,12,6
HT0390952.pdf,Polytechnic Magazine,1901-12-17,39,952,24,6
HT0390953.pdf,Polytechnic Magazine,1901-12-18,39,953,12,6
HT0400954.pdf,Polytechnic Magazine,1902-01-01,40,954,12,6
HT0400955.pdf,Polytechnic Magazine,1902-01-08,40,955,8,6
HT0400956.pdf,Polytechnic Magazine,1902-01-15,40,956,12,6
HT0400957.pdf,Polytechnic Magazine,1902-01-22,40,957,12,6
HT0400958.pdf,Polytechnic Magazine,1902-01-29,40,958,12,6
HT0400959.pdf,Polytechnic Magazine,1902-02-05,40,959,12,6
HT0400960.pdf,Polytechnic Magazine,1902-02-12,40,960,12,6
HT0400961.pdf,Polytechnic Magazine,1902-02-19,40,961,12,6
HT0400962.pdf,Polytechnic Magazine,1902-02-26,40,962,12,6
HT0400963.pdf,Polytechnic Magazine,1902-03-05,40,963,12,6
HT0400964.pdf,Polytechnic Magazine,1902-03-12,40,964,12,6
HT0400965.pdf,Polytechnic Magazine,1902-03-19,40,965,12,6
HT0400966.pdf,Polytechnic Magazine,1902-03-26,40,966,12,6
HT0400967.pdf,Polytechnic Magazine,1902-04-09,40,967,12,6
HT0400968.pdf,Polytechnic Magazine,1902-04-16,40,968,12,6
HT0400969.pdf,Polytechnic Magazine,1902-04-23,40,969,10,6
HT0400970.pdf,Polytechnic Magazine,1902-04-30,40,970,10,6
HT0400971.pdf,Polytechnic Magazine,1902-05-07,40,971,12,6
HT0400972.pdf,Polytechnic Magazine,1902-05-14,40,972,10,6
HT0400973.pdf,Polytechnic Magazine,1902-05-28,40,973,10,6
HT0400974.pdf,Polytechnic Magazine,1902-06-04,40,974,14,6
HT0400975.pdf,Polytechnic Magazine,1902-06-11,40,975,10,6
HT0400976.pdf,Polytechnic Magazine,1902-06-18,40,976,10,6
HT0400977.pdf,Polytechnic Magazine,1902-06-25,40,977,6,6
HT0410978.pdf,Polytechnic Magazine,1902-07-02,41,978,12,6
HT0410979.pdf,Polytechnic Magazine,1902-07-09,41,979,12,6
HT0410980.pdf,Polytechnic Magazine,1902-07-16,41,980,12,6
HT0410981.pdf,Polytechnic Magazine,1902-07-23,41,981,14,6
HT0410982.pdf,Polytechnic Magazine,1902-07-30,41,982,10,6
HT0410983.pdf,Polytechnic Magazine,1902-08-13,41,983,12,6
HT0410984.pdf,Polytechnic Magazine,1902-08-20,41,984,10,6
HT0410985.pdf,Polytechnic Magazine,1902-08-27,41,985,10,6
HT0410986.pdf,Polytechnic Magazine,1902-09-03,41,986,12,6
HT0410987.pdf,Polytechnic Magazine,1902-09-10,41,987,10,6
HT0410988.pdf,Polytechnic Magazine,1902-09-17,41,988,10,6
HT0410989.pdf,Polytechnic Magazine,1902-09-24,41,989,10,6
HT0410990.pdf,Polytechnic Magazine,1902-10-01,41,990,10,6
HT0410991.pdf,Polytechnic Magazine,1902-10-08,41,991,10,6
HT0410992.pdf,Polytechnic Magazine,1902-10-15,41,992,10,6
HT0410993.pdf,Polytechnic Magazine,1902-10-22,41,993,10,6
HT0410994.pdf,Polytechnic Magazine,1902-10-29,41,994,10,6
HT0410995.pdf,Polytechnic Magazine,1902-11-05,41,995,10,6
HT0410996.pdf,Polytechnic Magazine,1902-11-12,41,996,10,6
HT0410997.pdf,Polytechnic Magazine,1902-11-19,41,997,10,6
HT0410998.pdf,Polytechnic Magazine,1902-11-26,41,998,10,6
HT0410999.pdf,Polytechnic Magazine,1902-12-03,41,999,12,6
HT0411000.pdf,Polytechnic Magazine,1902-12-10,41,1000,12,6
HT0411001.pdf,Polytechnic Magazine,1902-12-17,41,1001,10,6
HT0411002.pdf,Polytechnic Magazine,1902-12-31,41,1002,10,6
HT0421003.pdf,Polytechnic Magazine,1903-01-07,42,1003,10,6
HT0421004.pdf,Polytechnic Magazine,1903-01-14,42,1004,12,6
HT0421005.pdf,Polytechnic Magazine,1903-01-28,42,1005,16,6
HT0421006.pdf,Polytechnic Magazine,1903-02-04,42,1006,10,6
HT0421007.pdf,Polytechnic Magazine,1903-02-11,42,1007,10,6
HT0421008.pdf,Polytechnic Magazine,1903-02-18,42,1008,10,6
HT0421009.pdf,Polytechnic Magazine,1903-02-25,42,1009,9,6
HT0430001.pdf,Polytechnic Magazine,1903-03,43,1,14,6
HT0430002.pdf,Polytechnic Magazine,1903-04,43,2,18,6
HT0430003.pdf,Polytechnic Magazine,1903-05,43,3,18,6
HT0430004.pdf,Polytechnic Magazine,1903-06,43,4,22,6
HT0430005.pdf,Polytechnic Magazine,1903-07,43,5,14,6
HT0430006.pdf,Polytechnic Magazine,1903-08,43,6,14,6
HT0430007.pdf,Polytechnic Magazine,1903-09,43,7,20,6
HT0430008.pdf,Polytechnic Magazine,1903-10,43,8,14,6
HT0430009.pdf,Polytechnic Magazine,1903-11,43,9,16,6
HT0430010.pdf,Polytechnic Magazine,1903-12,43,10,14,6
HT0430011.pdf,Polytechnic Magazine,1904-01,43,11,15,6
HT0430012.pdf,Polytechnic Magazine,1904-02,43,12,16,6
HT0430012Cape.pdf,Polytechnic Magazine Holiday Supplement,1904,43,12Cape,9,6
HT0430012Norway.pdf,Polytechnic Magazine Holiday Supplement,1904,43,12Norway,8,6
HT0440001.pdf,Polytechnic Magazine,1904-03,44,1,15,6
HT0440002.pdf,Polytechnic Magazine,1904-04,44,2,16,6
HT0440003.pdf,Polytechnic Magazine,1904-05,44,3,16,6
HT0440004.pdf,Polytechnic Magazine,1904-06,44,4,16,6
HT0440005.pdf,Polytechnic Magazine,1904-07,44,5,16,6
HT0440006.pdf,Polytechnic Magazine,1904-08,44,6,16,6
HT0440007.pdf,Polytechnic Magazine,1904-09,44,7,15,6
HT0440008.pdf,Polytechnic Magazine,1904-10,44,8,15,6
HT0440009.pdf,Polytechnic Magazine,1904-11,44,9,23,6
HT0440010.pdf,Polytechnic Magazine,1904-12,44,10,20,6
HT0440011.pdf,Polytechnic Magazine,1905-01,44,11,16,6
HT0440012.pdf,Polytechnic Magazine,1905-02,44,12,16,6
HT0440012Ceylon.pdf,Polytechnic Magazine Holiday Supplement,1905,44,12Ceylon,8,6
HT0440012Cruise.pdf,Polytechnic Magazine Holiday Supplement,1905,44,12Cruise,4,6
HT0440012Fiord.pdf,Polytechnic Magazine Holiday Supplement,1905,44,12Fiord,8,6
HT0440012Norway.pdf,Polytechnic Magazine Holiday Supplement,1905,44,12Norway,8,6
HT0440012Viking.pdf,Polytechnic Magazine Holiday Supplement,1905,44,12Viking,20,6
HT0450001.pdf,Polytechnic Magazine,1905-03,45,1,19,6
HT0450002.pdf,Polytechnic Magazine,1905-04,45,2,16,6
HT0450003.pdf,Polytechnic Magazine,1905-05,45,3,20,6
HT0450004.pdf,Polytechnic Magazine,1905-06,45,4,18,6
HT0450005.pdf,Polytechnic Magazine,1905-07,45,5,20,6
HT0450006.pdf,Polytechnic Magazine,1905-08,45,6,14,6
HT0450007.pdf,Polytechnic Magazine,1905-09,45,7,16,6
HT0450008.pdf,Polytechnic Magazine,1905-10,45,8,16,6
HT0450009.pdf,Polytechnic Magazine,1905-11,45,9,16,6
HT0450010.pdf,Polytechnic Magazine,1905-12,45,10,22,6
HT0450011.pdf,Polytechnic Magazine,1906-01,45,11,14,6
HT0450012.pdf,Polytechnic Magazine,1906-02,45,12,18,6
HT0460001.pdf,Polytechnic Magazine,1906-03,46,1,16,6
HT0460002.pdf,Polytechnic Magazine,1906-04,46,2,20,6
HT0460003.pdf,Polytechnic Magazine,1906-05,46,3,18,6
HT0460004.pdf,Polytechnic Magazine,1906-06,46,4,20,6
HT0460005.pdf,Polytechnic Magazine,1906-07,46,5,16,6
HT0460006.pdf,Polytechnic Magazine,1906-08,46,6,18,6
HT0460007.pdf,Polytechnic Magazine,1906-09,46,7,20,6
HT0460008.pdf,Polytechnic Magazine,1906-10,46,8,14,6
HT0460009.pdf,Polytechnic Magazine,1906-11,46,9,20,6
HT0460010.pdf,Polytechnic Magazine,1906-12,46,10,20,6
HT0460011.pdf,Polytechnic Magazine,1907-01,46,11,20,6
HT0460012.pdf,Polytechnic Magazine,1907-02,46,12,20,6
HT0470001.pdf,Polytechnic Magazine,1907-03,47,1,24,6
HT0470002.pdf,Polytechnic Magazine,1907-04,47,2,20,6
HT0470003.pdf,Polytechnic Magazine,1907-05,47,3,16,6
HT0470004.pdf,Polytechnic Magazine,1907-06,47,4,16,6
HT0470005.pdf,Polytechnic Magazine,1907-07,47,5,16,6
HT0470006.pdf,Polytechnic Magazine,1907-08,47,6,24,6
HT0470007.pdf,Polytechnic Magazine,1907-09,47,7,16,7
HT0470008.pdf,Polytechnic Magazine,1907-10,47,8,16,7
HT0470009.pdf,Polytechnic Magazine,1907-11,47,9,16,7
HT0470010.pdf,Polytechnic Magazine,1907-12,47,10,20,7
HT0470011.pdf,Polytechnic Magazine,1908-01,47,11,20,7
HT0470012.pdf,Polytechnic Magazine,1908-02,47,12,16,7
HT0480001.pdf,Polytechnic Magazine,1908-03,48,1,16,7
HT0480002.pdf,Polytechnic Magazine,1908-04,48,2,24,7
HT0480003.pdf,Polytechnic Magazine,1908-05,48,3,24,7
HT0480004.pdf,Polytechnic Magazine,1908-06,48,4,28,7
HT0480005.pdf,Polytechnic Magazine,1908-07,48,5,16,7
HT0480006.pdf,Polytechnic Magazine,1908-08,48,6,32,7
HT0480007.pdf,Polytechnic Magazine,1908-09,48,7,24,7
HT0480008.pdf,Polytechnic Magazine,1908-10,48,8,16,7
HT0480009.pdf,Polytechnic Magazine,1908-11,48,9,16,7
HT0480010.pdf,Polytechnic Magazine,1908-12,48,10,20,7
HT0480011.pdf,Polytechnic Magazine,1909-01,48,11,16,7
HT0480012.pdf,Polytechnic Magazine,1909-02,48,12,20,7
HT0490001.pdf,Polytechnic Magazine,1909-03,49,1,16,7
HT0490002.pdf,Polytechnic Magazine,1909-04,49,2,20,7
HT0490003.pdf,Polytechnic Magazine,1909-05,49,3,16,7
HT0490004.pdf,Polytechnic Magazine,1909-06,49,4,28,7
HT0490005.pdf,Polytechnic Magazine,1909-07,49,5,16,7
HT0490006.pdf,Polytechnic Magazine,1909-08,49,6,20,7
HT0490007.pdf,Polytechnic Magazine,1909-09,49,7,24,7
HT0490008.pdf,Polytechnic Magazine,1909-10,49,8,16,7
HT0490009.pdf,Polytechnic Magazine,1909-11,49,9,16,7
HT0490010.pdf,Polytechnic Magazine,1909-12,49,10,20,7
HT0490011.pdf,Polytechnic Magazine,1910-01,49,11,16,7
HT0490012.pdf,Polytechnic Magazine,1910-02,49,12,20,7
HT0500001.pdf,Polytechnic Magazine,1910-03,50,1,20,7
HT0500002.pdf,Polytechnic Magazine,1910-04,50,2,24,7
HT0500003.pdf,Polytechnic Magazine,1910-05,50,3,16,7
HT0500004.pdf,Polytechnic Magazine,1910-06,50,4,20,7
HT0500005.pdf,Polytechnic Magazine,1910-07,50,5,16,7
HT0500006.pdf,Polytechnic Magazine,1910-08,50,6,16,7
HT0500007.pdf,Polytechnic Magazine,1910-09,50,7,20,7
HT0500008.pdf,Polytechnic Magazine,1910-10,50,8,12,7
HT0500009.pdf,Polytechnic Magazine,1910-11,50,9,16,7
HT0500010.pdf,Polytechnic Magazine,1910-12,50,10,16,7
HT0500011.pdf,Polytechnic Magazine,1911-01,50,11,16,7
HT0500012.pdf,Polytechnic Magazine,1911-02,50,12,24,7
HT0510001.pdf,Polytechnic Magazine,1911-03,51,1,16,13
HT0510002.pdf,Polytechnic Magazine,1911-04,51,2,20,7
HT0510003.pdf,Polytechnic Magazine,1911-05,51,3,16,7
HT0510004.pdf,Polytechnic Magazine,1911-06,51,4,16,7
HT0510005.pdf,Polytechnic Magazine,1911-07,51,5,16,7
HT0510006.pdf,Polytechnic Magazine,1911-08,51,6,16,7
HT0510007.pdf,Polytechnic Magazine,1911-09,51,7,16,7
HT0510008.pdf,Polytechnic Magazine,1911-10,51,8,16,7
HT0510009.pdf,Polytechnic Magazine,1911-11,51,9,16,7
HT0510010.pdf,Polytechnic Magazine,1911-12,51,10,24,7
HT0510011.pdf,Polytechnic Magazine,1912-01,51,11,16,7
HT0510012.pdf,Polytechnic Magazine,1912-02,51,12,24,7
HT0520001.pdf,Polytechnic Magazine,1912-03,52,1,24,7
HT0520002.pdf,Polytechnic Magazine,1912-04,52,2,32,7
HT0520003.pdf,Polytechnic Magazine,1912-05,52,3,24,7
HT0520004.pdf,Polytechnic Magazine,1912-06,52,4,20,7
HT0520005.pdf,Polytechnic Magazine,1912-07,52,5,16,7
HT0520006.pdf,Polytechnic Magazine,1912-08,52,6,24,7
HT0520007.pdf,Polytechnic Magazine,1912-09,52,7,16,7
HT0520008.pdf,Polytechnic Magazine,1912-10,52,8,16,7
HT0520009.pdf,Polytechnic Magazine,1912-11,52,9,32,7
HT0520010.pdf,Polytechnic Magazine,1912-12,52,10,24,7
HT0520011.pdf,Polytechnic Magazine,1913-01,52,11,20,7
HT0520012.pdf,Polytechnic Magazine,1913-02,52,12,24,7
HT0530001.pdf,Polytechnic Magazine,1913-03,53,1,28,7
HT0530002.pdf,Polytechnic Magazine,1913-04,53,2,28,7
HT0530003.pdf,Polytechnic Magazine,1913-05,53,3,28,7
HT0530004.pdf,Polytechnic Magazine,1913-06,53,4,32,7
HT0530005.pdf,Polytechnic Magazine,1913-07,53,5,24,7
HT0530006.pdf,Polytechnic Magazine,1913-08,53,6,32,7
HT0530007.pdf,Polytechnic Magazine,1913-09,53,7,20,7
HT0530008.pdf,Polytechnic Magazine,1913-10,53,8,16,7
HT0530009.pdf,Polytechnic Magazine,1913-11,53,9,24,7
HT0530010.pdf,Polytechnic Magazine,1913-12,53,10,20,7
HT0530011.pdf,Polytechnic Magazine,1914-01,53,11,20,7
HT0530012.pdf,Polytechnic Magazine,1914-02,53,12,28,7
HT0540001.pdf,Polytechnic Magazine,1914-03,54,1,28,7
HT0540002.pdf,Polytechnic Magazine,1914-04,54,2,24,7
HT0540003.pdf,Polytechnic Magazine,1914-05,54,3,28,7
HT0540004.pdf,Polytechnic Magazine,1914-06,54,4,24,7
HT0540005.pdf,Polytechnic Magazine,1914-07,54,5,20,7
HT0540006.pdf,Polytechnic Magazine,1914-08,54,6,32,7
HT0540007.pdf,Polytechnic Magazine,1914-09,54,7,20,7
HT0540008.pdf,Polytechnic Magazine,1914-10,54,8,20,7
HT0540009.pdf,Polytechnic Magazine,1914-11,54,9,24,7
HT0540010.pdf,Polytechnic Magazine,1914-12,54,10,24,7
HT0550001.pdf,Polytechnic Magazine,1915-01,55,1,16,7
HT0550002.pdf,Polytechnic Magazine,1915-02,55,2,24,7
HT0550003.pdf,Polytechnic Magazine,1915-03,55,3,30,7
HT0550004.pdf,Polytechnic Magazine,1915-04,55,4,28,7
HT0550005.pdf,Polytechnic Magazine,1915-05,55,5,22,7
HT0550006.pdf,Polytechnic Magazine,1915-06,55,6,30,7
HT0550007.pdf,Polytechnic Magazine,1915-07,55,7,24,7
HT0550008.pdf,Polytechnic Magazine,1915-08,55,8,32,7
HT0550009.pdf,Polytechnic Magazine,1915-09,55,9,16,7
HT0550010.pdf,Polytechnic Magazine,1915-10,55,10,16,7
HT0550011.pdf,Polytechnic Magazine,1915-11,55,11,20,7
HT0550012.pdf,Polytechnic Magazine,1915-12,55,12,20,7
HT0560001.pdf,Polytechnic Magazine,1916-01,56,1,20,8
HT0560002.pdf,Polytechnic Magazine,1916-02,56,2,24,8
HT0560003.pdf,Polytechnic Magazine,1916-03,56,3,16,8
HT0560004.pdf,Polytechnic Magazine,1916-04,56,4,16,8
HT0560005.pdf,Polytechnic Magazine,1916-05,56,5,16,8
HT0560006.pdf,Polytechnic Magazine,1916-06,56,6,16,8
HT0560007.pdf,Polytechnic Magazine,1916-07,56,7,16,8
HT0560008.pdf,Polytechnic Magazine,1916-08,56,8,24,8
HT0560009.pdf,Polytechnic Magazine,1916-09,56,9,14,8
HT0560010.pdf,Polytechnic Magazine,1916-10,56,10,16,8
HT0560011.pdf,Polytechnic Magazine,1916-11,56,11,20,8
HT0560012.pdf,Polytechnic Magazine,1916-12,56,12,20,8
HT0570001.pdf,Polytechnic Magazine,1917-01,57,1,14,8
HT0570002.pdf,Polytechnic Magazine,1917-02,57,2,22,8
HT0570003.pdf,Polytechnic Magazine,1917-03,57,3,14,8
HT0570004.pdf,Polytechnic Magazine,1917-04,57,4,14,8
HT0570005.pdf,Polytechnic Magazine,1917-05,57,5,14,8
HT0570006.pdf,Polytechnic Magazine,1917-06,57,6,14,8
HT0570007.pdf,Polytechnic Magazine,1917-07,57,7,14,8
HT0570008.pdf,Polytechnic Magazine,1917-08,57,8,22,8
HT0570009.pdf,Polytechnic Magazine,1917-09,57,9,14,8
HT0570010.pdf,Polytechnic Magazine,1917-10,57,10,18,8
HT0570011.pdf,Polytechnic Magazine,1917-11,57,11,14,8
HT0570012.pdf,Polytechnic Magazine,1917-12,57,12,18,8
HT0580001.pdf,Polytechnic Magazine,1918-01,58,1,14,8
HT0580002.pdf,Polytechnic Magazine,1918-02,58,2,22,8
HT0580003.pdf,Polytechnic Magazine,1918-03,58,3,14,8
HT0580004.pdf,Polytechnic Magazine,1918-04,58,4,14,8
HT0580005.pdf,Polytechnic Magazine,1918-05,58,5,14,8
HT0580006.pdf,Polytechnic Magazine,1918-06,58,6,10,8
HT0580007.pdf,Polytechnic Magazine,1918-07,58,7,10,8
HT0580008.pdf,Polytechnic Magazine,1918-08,58,8,14,8
HT0580009.pdf,Polytechnic Magazine,1918-09,58,9,18,8
HT0580010.pdf,Polytechnic Magazine,1918-10,58,10,14,8
HT0580011.pdf,Polytechnic Magazine,1918-11,58,11,14,8
HT0580012.pdf,Polytechnic Magazine,1918-12,58,12,10,8
HT0590001.pdf,Polytechnic Magazine,1919-01,59,1,14,8
HT0590002.pdf,Polytechnic Magazine,1919-02,59,2,14,8
HT0590003.pdf,Polytechnic Magazine,1919-03,59,3,14,8
HT0590004.pdf,Polytechnic Magazine,1919-04,59,4,14,8
HT0590005.pdf,Polytechnic Magazine,1919-05,59,5,10,8
HT0590006.pdf,Polytechnic Magazine,1919-06,59,6,10,8
HT0590007.pdf,Polytechnic Magazine,1919-07,59,7,14,8
HT0590008.pdf,Polytechnic Magazine,1919-08,59,8,22,8
HT0590009.pdf,Polytechnic Magazine,1919-09,59,9,14,8
HT0590010.pdf,Polytechnic Magazine,1919-10,59,10,18,8
HT0590011.pdf,Polytechnic Magazine,1919-11,59,11,14,8
HT0590012.pdf,Polytechnic Magazine,1919-12,59,12,14,13
HT0600001.pdf,Polytechnic Magazine,1920-01,60,1,14,8
HT0600002.pdf,Polytechnic Magazine,1920-02,60,2,22,8
HT0600003.pdf,Polytechnic Magazine,1920-03,60,3,14,8
HT0600004.pdf,Polytechnic Magazine,1920-04,60,4,18,8
HT0600005.pdf,Polytechnic Magazine,1920-05,60,5,10,8
HT0600006.pdf,Polytechnic Magazine,1920-06,60,6,14,8
HT0600007.pdf,Polytechnic Magazine,1920-07,60,7,18,8
HT0600008.pdf,Polytechnic Magazine,1920-08,60,8,34,8
HT0600009.pdf,Polytechnic Magazine,1920-09,60,9,18,8
HT0600010.pdf,Polytechnic Magazine,1920-10,60,10,22,8
HT0600011.pdf,Polytechnic Magazine,1920-11,60,11,14,8
HT0600012.pdf,Polytechnic Magazine,1920-12,60,12,18,8
HT0610001.pdf,Polytechnic Magazine,1921-01,61,1,18,8
HT0610002.pdf,Polytechnic Magazine,1921-02,61,2,40,8
HT0610003.pdf,Polytechnic Magazine,1921-03,61,3,26,8
HT0610004.pdf,Polytechnic Magazine,1921-04,61,4,18,8
HT0610005.pdf,Polytechnic Magazine,1921-05,61,5,23,8
HT0610006.pdf,Polytechnic Magazine,1921-06,61,6,14,8
HT0610007.pdf,Polytechnic Magazine,1921-07,61,7,18,8
HT0610008.pdf,Polytechnic Magazine,1921-08,61,8,42,8
HT0610009.pdf,Polytechnic Magazine,1921-09,61,9,18,8
HT0610010.pdf,Polytechnic Magazine,1921-10,61,10,22,8
HT0610011.pdf,Polytechnic Magazine,1921-11,61,11,18,8
HT0610012.pdf,Polytechnic Magazine,1921-12,61,12,18,8
HT0620001.pdf,Polytechnic Magazine,1922-01,62,1,14,8
HT0620002.pdf,Polytechnic Magazine,1922-02,62,2,24,8
HT0620003.pdf,Polytechnic Magazine,1922-03,62,3,22,8
HT0620004.pdf,Polytechnic Magazine,1922-04,62,4,22,8
HT0620005.pdf,Polytechnic Magazine,1922-05,62,5,18,8
HT0620006.pdf,Polytechnic Magazine,1922-06,62,6,18,8
HT0620007.pdf,Polytechnic Magazine,1922-07,62,7,14,8
HT0620008.pdf,Polytechnic Magazine,1922-08,62,8,42,8
HT0620009.pdf,Polytechnic Magazine,1922-09,62,9,18,8
HT0620010.pdf,Polytechnic Magazine,1922-10,62,10,22,8
HT0620011.pdf,Polytechnic Magazine,1922-11,62,11,18,8
HT0620012.pdf,Polytechnic Magazine,1922-12,62,12,26,8
HT0630001.pdf,Polytechnic Magazine,1923-01,63,1,18,8
HT0630002.pdf,Polytechnic Magazine,1923-02,63,2,26,9
HT0630003.pdf,Polytechnic Magazine,1923-03,63,3,14,9
HT0630004.pdf,Polytechnic Magazine,1923-04,63,4,14,9
HT0630005.pdf,Polytechnic Magazine,1923-05,63,5,14,9
HT0630006.pdf,Polytechnic Magazine,1923-06,63,6,18,9
HT0630007.pdf,Polytechnic Magazine,1923-07,63,7,14,9
HT0630008.pdf,Polytechnic Magazine,1923-08,63,8,38,9
HT0630009.pdf,Polytechnic Magazine,1923-09,63,9,18,9
HT0630010.pdf,Polytechnic Magazine,1923-10,63,10,22,9
HT0630011.pdf,Polytechnic Magazine,1923-11,63,11,22,9
HT0630012.pdf,Polytechnic Magazine,1923-12,63,12,14,9
HT0640001.pdf,Polytechnic Magazine,1924-01,64,1,22,9
HT0640002.pdf,Polytechnic Magazine,1924-02,64,2,22,9
HT0640003.pdf,Polytechnic Magazine,1924-03,64,3,18,9
HT0640004.pdf,Polytechnic Magazine,1924-04,64,4,14,9
HT0640005.pdf,Polytechnic Magazine,1924-05,64,5,19,9
HT0640006.pdf,Polytechnic Magazine,1924-06,64,6,14,9
HT0640007.pdf,Polytechnic Magazine,1924-07,64,7,14,9
HT0640008.pdf,Polytechnic Magazine,1924-08,64,8,38,9
HT0640009.pdf,Polytechnic Magazine,1924-09,64,9,22,9
HT0640010.pdf,Polytechnic Magazine,1924-10,64,10,18,9
HT0640011.pdf,Polytechnic Magazine,1924-11,64,11,18,9
HT0640012.pdf,Polytechnic Magazine,1924-12,64,12,14,9
HT0650001.pdf,Polytechnic Magazine,1925-01,65,1,14,9
HT0650002.pdf,Polytechnic Magazine,1925-02,65,2,26,9
HT0650003.pdf,Polytechnic Magazine,1925-03,65,3,14,9
HT0650004.pdf,Polytechnic Magazine,1925-04,65,4,22,9
HT0650005.pdf,Polytechnic Magazine,1925-05,65,5,14,9
HT0650006.pdf,Polytechnic Magazine,1925-06,65,6,14,9
HT0650007.pdf,Polytechnic Magazine,1925-07,65,7,14,9
HT0650008.pdf,Polytechnic Magazine,1925-08,65,8,38,9
HT0650009.pdf,Polytechnic Magazine,1925-09,65,9,14,9
HT0650010.pdf,Polytechnic Magazine,1925-10,65,10,22,9
HT0650011.pdf,Polytechnic Magazine,1925-11,65,11,18,9
HT0650012.pdf,Polytechnic Magazine,1925-12,65,12,18,9
HT0660001.pdf,Polytechnic Magazine,1926-01,66,1,18,9
HT0660002.pdf,Polytechnic Magazine,1926-02,66,2,26,9
HT0660003.pdf,Polytechnic Magazine,1926-03,66,3,18,10
HT0660004.pdf,Polytechnic Magazine,1926-04,66,4,14,10
HT0660005.pdf,Polytechnic Magazine,1926-05,66,5,14,10
HT0660006.pdf,Polytechnic Magazine,1926-06,66,6,14,10
HT0660007.pdf,Polytechnic Magazine,1926-07,66,7,14,10
HT0660008.pdf,Polytechnic Magazine,1926-08,66,8,38,10
HT0660009.pdf,Polytechnic Magazine,1926-09,66,9,14,10
HT0660010.pdf,Polytechnic Magazine,1926-10,66,10,18,10
HT0660011.pdf,Polytechnic Magazine,1926-11,66,11,22,10
HT0660012.pdf,Polytechnic Magazine,1926-12,66,12,22,10
HT0670001.pdf,Polytechnic Magazine,1927-01,67,1,18,10
HT0670002.pdf,Polytechnic Magazine,1927-02,67,2,22,10
HT0670003.pdf,Polytechnic Magazine,1927-03,67,3,18,10
HT0670004.pdf,Polytechnic Magazine,1927-04,67,4,26,10
HT0670005.pdf,Polytechnic Magazine,1927-05,67,5,22,10
HT0670006.pdf,Polytechnic Magazine,1927-06,67,6,18,10
HT0670007.pdf,Polytechnic Magazine,1927-07,67,7,18,10
HT0670008.pdf,Polytechnic Magazine,1927-08,67,8,46,10
HT0670009.pdf,Polytechnic Magazine,1927-09,67,9,22,10
HT0670010.pdf,Polytechnic Magazine,1927-10,67,10,26,10
HT0670011.pdf,Polytechnic Magazine,1927-11,67,11,22,10
HT0670012.pdf,Polytechnic Magazine,1927-12,67,12,26,10
HT0680001.pdf,Polytechnic Magazine,1928-01,68,1,26,10
HT0680002.pdf,Polytechnic Magazine,1928-02,68,2,34,10
HT0680003.pdf,Polytechnic Magazine,1928-03,68,3,30,10
HT0680004.pdf,Polytechnic Magazine,1928-04,68,4,26,10
HT0680005.pdf,Polytechnic Magazine,1928-05,68,5,30,10
HT0680006.pdf,Polytechnic Magazine,1928-06,68,6,30,10
HT0680007.pdf,Polytechnic Magazine,1928-07,68,7,18,10
HT0680008.pdf,Polytechnic Magazine,1928-08,68,8,50,10
HT0680009.pdf,Polytechnic Magazine,1928-09,68,9,22,10
HT0680010.pdf,Polytechnic Magazine,1928-10,68,10,30,10
HT0680011.pdf,Polytechnic Magazine,1928-11,68,11,38,10
HT0680012.pdf,Polytechnic Magazine,1928-12,68,12,30,10
HT0690001.pdf,Polytechnic Magazine,1929-01,69,1,26,10
HT0690002.pdf,Polytechnic Magazine,1929-02,69,2,30,10
HT0690003.pdf,Polytechnic Magazine,1929-03,69,3,26,10
HT0690004.pdf,Polytechnic Magazine,1929-04,69,4,22,10
HT0690005.pdf,Polytechnic Magazine,1929-05,69,5,18,10
HT0690006.pdf,Polytechnic Magazine,1929-06,69,6,26,10
HT0690007.pdf,Polytechnic Magazine,1929-07,69,7,22,10
HT0690008.pdf,Polytechnic Magazine,1929-08,69,8,54,10
HT0690009.pdf,Polytechnic Magazine,1929-09,69,9,26,10
HT0690010.pdf,Polytechnic Magazine,1929-10,69,10,63,10
HT0690011.pdf,Polytechnic Magazine,1929-11,69,11,30,10
HT0690012.pdf,Polytechnic Magazine,1929-12,69,12,30,10
HT0700001.pdf,Polytechnic Magazine,1930-01,70,1,22,10
HT0700002.pdf,Polytechnic Magazine,1930-02,70,2,30,11
HT0700003.pdf,Polytechnic Magazine,1930-03,70,3,22,11
HT0700004.pdf,Polytechnic Magazine,1930-04,70,4,22,11
HT0700005.pdf,Polytechnic Magazine,1930-05,70,5,22,11
HT0700006.pdf,Polytechnic Magazine,1930-06,70,6,22,11
HT0700007.pdf,Polytechnic Magazine,1930-07,70,7,23,11
HT0700008.pdf,Polytechnic Magazine,1930-08,70,8,50,11
HT0700009.pdf,Polytechnic Magazine,1930-09,70,9,18,11
HT0700010.pdf,Polytechnic Magazine,1930-10,70,10,26,11
HT0700011.pdf,Polytechnic Magazine,1930-11,70,11,22,11
HT0700012.pdf,Polytechnic Magazine,1930-12,70,12,26,11
HT0710001.pdf,Polytechnic Magazine,1931-01,71,1,22,11
HT0710002.pdf,Polytechnic Magazine,1931-02,71,2,26,11
HT0710003.pdf,Polytechnic Magazine,1931-03,71,3,18,11
HT0710004.pdf,Polytechnic Magazine,1931-04,71,4,18,11
HT0710005.pdf,Polytechnic Magazine,1931-05,71,5,14,11
HT0710006.pdf,Polytechnic Magazine,1931-06,71,6,18,11
HT0710007.pdf,Polytechnic Magazine,1931-07,71,7,14,11
HT0710008.pdf,Polytechnic Magazine,1931-08,71,8,50,11
HT0710009.pdf,Polytechnic Magazine,1931-09,71,9,19,11
HT0710010.pdf,Polytechnic Magazine,1931-10,71,10,18,11
HT0710011.pdf,Polytechnic Magazine,1931-11,71,11,22,11
HT0710012.pdf,Polytechnic Magazine,1931-12,71,12,18,11
HT0720001.pdf,Polytechnic Magazine,1932-01,72,1,14,11
HT0720002.pdf,Polytechnic Magazine,1932-02,72,2,18,11
HT0720003.pdf,Polytechnic Magazine,1932-03,72,3,18,11
HT0720004.pdf,Polytechnic Magazine,1932-04,72,4,23,11
HT0720005.pdf,Polytechnic Magazine,1932-05,72,5,18,11
HT0720006.pdf,Polytechnic Magazine,1932-06,72,6,18,11
HT0720007.pdf,Polytechnic Magazine,1932-07,72,7,14,11
HT0720008.pdf,Polytechnic Magazine,1932-08,72,8,46,11
HT0720009.pdf,Polytechnic Magazine,1932-09,72,9,18,11
HT0720010.pdf,Polytechnic Magazine,1932-10,72,10,22,11
HT0720011.pdf,Polytechnic Magazine,1932-11,72,11,22,11
HT0720012.pdf,Polytechnic Magazine,1932-12,72,12,18,11
HT0730001.pdf,Polytechnic Magazine,1933-01,73,1,22,11
HT0730002.pdf,Polytechnic Magazine,1933-02,73,2,18,11
HT0730003.pdf,Polytechnic Magazine,1933-03,73,3,18,11
HT0730004.pdf,Polytechnic Magazine,1933-04,73,4,22,11
HT0730005.pdf,Polytechnic Magazine,1933-05,73,5,18,11
HT0730006.pdf,Polytechnic Magazine,1933-06,73,6,18,11
HT0730007.pdf,Polytechnic Magazine,1933-07,73,7,14,11
HT0730008.pdf,Polytechnic Magazine,1933-08,73,8,54,11
HT0730009.pdf,Polytechnic Magazine,1933-09,73,9,19,11
HT0730010.pdf,Polytechnic Magazine,1933-10,73,10,22,11
HT0730011.pdf,Polytechnic Magazine,1933-11,73,11,18,11
HT0730012.pdf,Polytechnic Magazine,1933-12,73,12,18,11
HT0740001.pdf,Polytechnic Magazine,1934-01,74,1,22,11
HT0740002.pdf,Polytechnic Magazine,1934-02,74,2,18,11
HT0740003.pdf,Polytechnic Magazine,1934-03,74,3,18,11
HT0740004.pdf,Polytechnic Magazine,1934-04,74,4,18,11
HT0740005.pdf,Polytechnic Magazine,1934-05,74,5,18,11
HT0740006.pdf,Polytechnic Magazine,1934-06,74,6,22,11
HT0740007.pdf,Polytechnic Magazine,1934-07,74,7,18,11
HT0740008.pdf,Polytechnic Magazine,1934-08,74,8,54,11
HT0740009.pdf,Polytechnic Magazine,1934-09,74,9,14,11
HT0740010.pdf,Polytechnic Magazine,1934-10,74,10,22,11
HT0740011.pdf,Polytechnic Magazine,1934-11,74,11,22,11
HT0740012.pdf,Polytechnic Magazine,1934-12,74,12,22,11
HT0750001.pdf,Polytechnic Magazine,1935-01,75,1,18,11
HT0750002.pdf,Polytechnic Magazine,1935-02,75,2,22,11
HT0750003.pdf,Polytechnic Magazine,1935-03,75,3,22,11
HT0750004.pdf,Polytechnic Magazine,1935-04,75,4,22,11
HT0750005.pdf,Polytechnic Magazine,1935-05,75,5,28,11
HT0750006.pdf,Polytechnic Magazine,1935-06,75,6,22,11
HT0750007.pdf,Polytechnic Magazine,1935-07,75,7,18,11
HT0750008.pdf,Polytechnic Magazine,1935-08,75,8,50,11
HT0750009.pdf,Polytechnic Magazine,1935-09,75,9,18,11
HT0750010.pdf,Polytechnic Magazine,1935-10,75,10,22,11
HT0750011.pdf,Polytechnic Magazine,1935-11,75,11,22,11
HT0750012.pdf,Polytechnic Magazine,1935-12,75,12,26,11
HT0760001.pdf,Polytechnic Magazine,1936-01,76,1,18,11
HT0760002.pdf,Polytechnic Magazine,1936-02,76,2,20,11
HT0760003.pdf,Polytechnic Magazine,1936-03,76,3,22,11
HT0760004.pdf,Polytechnic Magazine,1936-04,76,4,22,11
HT0760005.pdf,Polytechnic Magazine,1936-05,76,5,22,11
HT0760006.pdf,Polytechnic Magazine,1936-06,76,6,22,11
HT0760007.pdf,Polytechnic Magazine,1936-07,76,7,22,11
HT0760008.pdf,Polytechnic Magazine,1936-08,76,8,54,11
HT0760009.pdf,Polytechnic Magazine,1936-09,76,9,18,11
HT0760010.pdf,Polytechnic Magazine,1936-10,76,10,22,11
HT0760011.pdf,Polytechnic Magazine,1936-11,76,11,22,11
HT0760012.pdf,Polytechnic Magazine,1936-12,76,12,22,11
HT0770001.pdf,Polytechnic Magazine,1937-01,77,1,18,11
HT0770002.pdf,Polytechnic Magazine,1937-02,77,2,22,11
HT0770003.pdf,Polytechnic Magazine,1937-03,77,3,18,11
HT0770004.pdf,Polytechnic Magazine,1937-04,77,4,18,11
HT0770005.pdf,Polytechnic Magazine,1937-05,77,5,22,11
HT0770006.pdf,Polytechnic Magazine,1937-06,77,6,18,11
HT0770007.pdf,Polytechnic Magazine,1937-07,77,7,18,11
HT0770008.pdf,Polytechnic Magazine,1937-08,77,8,57,11
HT0770009.pdf,Polytechnic Magazine,1937-09,77,9,18,11
HT0770010.pdf,Polytechnic Magazine,1937-10,77,10,22,11
HT0770011.pdf,Polytechnic Magazine,1937-11,77,11,22,11
HT0770012.pdf,Polytechnic Magazine,1937-12,77,12,22,11
HT0780001.pdf,Polytechnic Magazine,1938-01,78,1,18,11
HT0780002.pdf,Polytechnic Magazine,1938-02,78,2,22,11
HT0780003.pdf,Polytechnic Magazine,1938-03,78,3,22,11
HT0780004.pdf,Polytechnic Magazine,1938-04,78,4,18,11
HT0780005.pdf,Polytechnic Magazine,1938-05,78,5,18,11
HT0780006.pdf,Polytechnic Magazine,1938-06,78,6,18,11
HT0780007.pdf,Polytechnic Magazine,1938-07,78,7,26,11
HT0780008.pdf,Polytechnic Magazine,1938-08,78,8,58,11
HT0780009.pdf,Polytechnic Magazine,1938-09,78,9,18,11
HT0780010.pdf,Polytechnic Magazine,1938-10,78,10,18,11
HT0780011.pdf,Polytechnic Magazine,1938-11,78,11,22,11
HT0780012.pdf,Polytechnic Magazine,1938-12,78,12,22,11
HT0790001.pdf,Polytechnic Magazine,1939-01,79,1,18,11
HT0790002.pdf,Polytechnic Magazine,1939-02,79,2,22,11
HT0790003.pdf,Polytechnic Magazine,1939-03,79,3,22,11
HT0790004.pdf,Polytechnic Magazine,1939-04,79,4,18,11
HT0790005.pdf,Polytechnic Magazine,1939-05,79,5,18,11
HT0790006.pdf,Polytechnic Magazine,1939-06,79,6,22,11
HT0790007.pdf,Polytechnic Magazine,1939-07,79,7,22,11
HT0790008.pdf,Polytechnic Magazine,1939-08,79,8,58,11
HT0790009.pdf,Polytechnic Magazine,1939-09,79,9,10,11
HT0790010.pdf,Polytechnic Magazine,1939-10,79,10,10,11
HT0790011.pdf,Polytechnic Magazine,1939-11,79,11,10,11
HT0790012.pdf,Polytechnic Magazine,1939-12,79,12,14,11
HT0800001.pdf,Polytechnic Magazine,1940-01,80,1,14,11
HT0800002.pdf,Polytechnic Magazine,1940-02,80,2,18,11
HT0800003.pdf,Polytechnic Magazine,1940-03,80,3,14,11
HT0800004.pdf,Polytechnic Magazine,1940-04,80,4,14,11
HT0800005.pdf,Polytechnic Magazine,1940-05,80,5,8,11
HT0800006.pdf,Polytechnic Magazine,1940-06,80,6,14,11
HT0800007.pdf,Polytechnic Magazine,1940-07,80,7,8,11
HT0800008.pdf,Polytechnic Magazine,1940-08,80,8,16,11
HT0800009.pdf,Polytechnic Magazine,1940-09,80,9,14,11
HT0800010.pdf,Polytechnic Magazine,1940-10,80,10,6,11
HT0800011.pdf,Polytechnic Magazine,1940-11,80,11,8,11
HT0800012.pdf,Polytechnic Magazine,1940-12,80,12,10,11
HT0810001.pdf,Polytechnic Magazine,1941-01,81,1,8,11
HT0810002.pdf,Polytechnic Magazine,1941-02,81,2,12,11
HT0810003.pdf,Polytechnic Magazine,1941-03,81,3,8,11
HT0810004.pdf,Polytechnic Magazine,1941-04,81,4,8,11
HT0810005.pdf,Polytechnic Magazine,1941-05,81,5,8,11
HT0810006.pdf,Polytechnic Magazine,1941-06,81,6,8,11
HT0810007.pdf,Polytechnic Magazine,1941-07,81,7,8,11
HT0810008.pdf,Polytechnic Magazine,1941-08,81,8,8,11
HT0810009.pdf,Polytechnic Magazine,1941-09,81,9,12,11
HT0810010.pdf,Polytechnic Magazine,1941-10,81,10,8,11
HT0810011.pdf,Polytechnic Magazine,1941-11,81,11,8,11
HT0810012.pdf,Polytechnic Magazine,1941-12,81,12,8,11
HT0820001.pdf,Polytechnic Magazine,1942-01,82,1,8,11
HT0820002.pdf,Polytechnic Magazine,1942-02,82,2,8,11
HT0820003.pdf,Polytechnic Magazine,1942-03,82,3,12,11
HT0820004.pdf,Polytechnic Magazine,1942-04,82,4,8,11
HT0820005.pdf,Polytechnic Magazine,1942-05,82,5,8,11
HT0820006.pdf,Polytechnic Magazine,1942-06,82,6,8,11
HT0820007.pdf,Polytechnic Magazine,1942-07,82,7,8,11
HT0820008.pdf,Polytechnic Magazine,1942-08,82,8,8,11
HT0820009.pdf,Polytechnic Magazine,1942-09,82,9,8,11
HT0820010.pdf,Polytechnic Magazine,1942-10,82,10,8,11
HT0820011.pdf,Polytechnic Magazine,1942-11,82,11,8,11
HT0820012.pdf,Polytechnic Magazine,1942-12,82,12,12,12
HT0830001.pdf,Polytechnic Magazine,1943-01,83,1,16,12
HT0830002.pdf,Polytechnic Magazine,1943-02,83,2,8,12
HT0830003.pdf,Polytechnic Magazine,1943-03,83,3,8,12
HT0830004.pdf,Polytechnic Magazine,1943-04,83,4,8,12
HT0830005.pdf,Polytechnic Magazine,1943-05,83,5,8,12
HT0830006.pdf,Polytechnic Magazine,1943-06,83,6,12,12
HT0830007.pdf,Polytechnic Magazine,1943-07,83,7,8,12
HT0830008.pdf,Polytechnic Magazine,1943-08,83,8,8,12
HT0830009.pdf,Polytechnic Magazine,1943-09,83,9,8,12
HT0830010.pdf,Polytechnic Magazine,1943-10,83,10,8,12
HT0830011.pdf,Polytechnic Magazine,1943-11,83,11,8,12
HT0830012.pdf,Polytechnic Magazine,1943-12,83,12,12,12
HT0840001.pdf,Polytechnic Magazine,1944-01,84,1,16,12
HT0840002.pdf,Polytechnic Magazine,1944-02,84,2,8,12
HT0840003.pdf,Polytechnic Magazine,1944-03,84,3,8,12
HT0840004.pdf,Polytechnic Magazine,1944-04,84,4,8,12
HT0840005.pdf,Polytechnic Magazine,1944-05,84,5,9,12
HT0840006.pdf,Polytechnic Magazine,1944-06,84,6,8,12
HT0840007.pdf,Polytechnic Magazine,1944-07,84,7,8,12
HT0840008.pdf,Polytechnic Magazine,1944-08,84,8,8,12
HT0840009.pdf,Polytechnic Magazine,1944-09,84,9,8,12
HT0840010.pdf,Polytechnic Magazine,1944-10,84,10,8,12
HT0840011.pdf,Polytechnic Magazine,1944-11,84,11,8,12
HT0840012.pdf,Polytechnic Magazine,1944-12,84,12,12,12
HT0850001.pdf,Polytechnic Magazine,1945-01,85,1,8,12
HT0850002.pdf,Polytechnic Magazine,1945-02,85,2,12,12
HT0850003.pdf,Polytechnic Magazine,1945-03,85,3,8,12
HT0850004.pdf,Polytechnic Magazine,1945-04,85,4,8,12
HT0850005.pdf,Polytechnic Magazine,1945-05,85,5,12,12
HT0850006.pdf,Polytechnic Magazine,1945-06,85,6,8,12
HT0850007.pdf,Polytechnic Magazine,1945-07,85,7,8,12
HT0850008.pdf,Polytechnic Magazine,1945-08,85,8,12,12
HT0850009.pdf,Polytechnic Magazine,1945-09,85,9,12,12
HT0850010.pdf,Polytechnic Magazine,1945-10,85,10,8,12
HT0850011.pdf,Polytechnic Magazine,1945-11,85,11,12,12
HT0850012.pdf,Polytechnic Magazine,1945-12,85,12,12,12
HT0860001.pdf,Polytechnic Magazine,1946-01,86,1,12,12
HT0860002.pdf,Polytechnic Magazine,1946-02,86,2,16,12
HT0860003.pdf,Polytechnic Magazine,1946-03,86,3,24,12
HT0860004.pdf,Polytechnic Magazine,1946-04,86,4,12,12
HT0860005.pdf,Polytechnic Magazine,1946-05,86,5,12,12
HT0860006.pdf,Polytechnic Magazine,1946-06,86,6,8,12
HT0860007.pdf,Polytechnic Magazine,1946-07,86,7,32,12
HT0860008.pdf,Polytechnic Magazine,1946-08,86,8,36,12
HT0860009.pdf,Polytechnic Magazine,1946-09,86,9,24,12
HT0860010.pdf,Polytechnic Magazine,1946-10,86,10,28,12
HT0860011.pdf,Polytechnic Magazine,1946-11,86,11,32,12
HT0860012.pdf,Polytechnic Magazine,1946-12,86,12,36,12
HT0870001.pdf,Polytechnic Magazine,1947-01,87,1,28,12
HT0870002.pdf,Polytechnic Magazine,1947-02,87,2,36,12
HT0870003.pdf,Polytechnic Magazine,1947-03,87,3,24,12
HT0870004.pdf,Polytechnic Magazine,1947-04,87,4,22,12
HT0870005.pdf,Polytechnic Magazine,1947-05,87,5,24,12
HT0870006.pdf,Polytechnic Magazine,1947-06,87,6,24,12
HT0870007.pdf,Polytechnic Magazine,1947-07,87,7,22,12
HT0870008.pdf,Polytechnic Magazine,1947-08,87,8,32,12
HT0870009.pdf,Polytechnic Magazine,1947-09,87,9,26,12
HT0870010.pdf,Polytechnic Magazine,1947-10,87,10,30,12
HT0870011.pdf,Polytechnic Magazine,1947-11,87,11,28,12
HT0870012.pdf,Polytechnic Magazine,1947-12,87,12,24,12
HT0880001.pdf,Polytechnic Magazine,1948-01,88,1,28,12
HT0880002.pdf,Polytechnic Magazine,1948-02,88,2,28,12
HT0880003.pdf,Polytechnic Magazine,1948-03,88,3,28,12
HT0880004.pdf,Polytechnic Magazine,1948-04,88,4,28,12
HT0880005.pdf,Polytechnic Magazine,1948-05,88,5,28,12
HT0880006.pdf,Polytechnic Magazine,1948-06,88,6,28,12
HT0880007.pdf,Polytechnic Magazine,1948-07,88,7,28,12
HT0880008.pdf,Polytechnic Magazine,1948-08,88,8,36,12
HT0880009.pdf,Polytechnic Magazine,1948-09,88,9,28,12
HT0880010.pdf,Polytechnic Magazine,1948-10,88,10,28,12
HT0880011.pdf,Polytechnic Magazine,1948-11,88,11,32,12
HT0880012.pdf,Polytechnic Magazine,1948-12,88,12,36,12
HT0890001.pdf,Polytechnic Magazine,1949-01,89,1,32,13
HT0890002.pdf,Polytechnic Magazine,1949-02,89,2,36,13
HT0890003.pdf,Polytechnic Magazine,1949-03,89,3,36,13
HT0890004.pdf,Polytechnic Magazine,1949-04,89,4,32,13
HT0890005.pdf,Polytechnic Magazine,1949-05,89,5,32,13
HT0890006.pdf,Polytechnic Magazine,1949-06,89,6,32,13
HT0890007.pdf,Polytechnic Magazine,1949-07,89,7,28,13
HT0890008.pdf,Polytechnic Magazine,1949-08,89,8,32,13
HT0890009.pdf,Polytechnic Magazine,1949-09,89,9,32,13
HT0890010.pdf,Polytechnic Magazine,1949-10,89,10,32,13
HT0890011.pdf,Polytechnic Magazine,1949-11,89,11,44,13
HT0890012.pdf,Polytechnic Magazine,1949-12,89,12,40,13
HT0900001.pdf,Polytechnic Magazine,1950-01,90,1,36,12
HT0900002.pdf,Polytechnic Magazine,1950-02,90,2,40,12
HT0900003.pdf,Polytechnic Magazine,1950-03,90,3,40,12
HT0900004.pdf,Polytechnic Magazine,1950-04,90,4,40,12
HT0900005.pdf,Polytechnic Magazine,1950-05,90,5,32,12
HT0900006.pdf,Polytechnic Magazine,1950-06,90,6,36,12
HT0900007.pdf,Polytechnic Magazine,1950-07,90,7,28,12
HT0900008.pdf,Polytechnic Magazine,1950-08,90,8,40,12
HT0900009.pdf,Polytechnic Magazine,1950-09,90,9,32,12
HT0900010.pdf,Polytechnic Magazine,1950-10,90,10,16,12
HT0900011.pdf,Polytechnic Magazine,1950-11,90,11,28,12
HT0900012.pdf,Polytechnic Magazine,1950-12,90,12,44,12
HT0910001.pdf,Polytechnic Magazine,1951-01,91,1,32,12
HT0910002.pdf,Polytechnic Magazine,1951-02,91,2,32,12
HT0910003.pdf,Polytechnic Magazine,1951-03,91,3,36,12
HT0910004.pdf,Polytechnic Magazine,1951-04,91,4,32,12
HT0910005.pdf,Polytechnic Magazine,1951-05,91,5,32,12
HT0910006.pdf,Polytechnic Magazine,1951-06,91,6,32,12
HT0910007.pdf,Polytechnic Magazine,1951-07,91,7,28,12
HT0910008.pdf,Polytechnic Magazine,1951-08,91,8,32,12
HT0910009.pdf,Polytechnic Magazine,1951-09,91,9,24,12
HT0910010.pdf,Polytechnic Magazine,1951-10,91,10,28,12
HT0910011.pdf,Polytechnic Magazine,1951-11,91,11,36,12
HT0910012.pdf,Polytechnic Magazine,1951-12,91,12,32,12
HT0920001.pdf,Polytechnic Magazine,1952-01,92,1,32,12
HT0920002.pdf,Polytechnic Magazine,1952-02,92,2,32,12
HT0920003.pdf,Polytechnic Magazine,1952-03,92,3,32,12
HT0920004.pdf,Polytechnic Magazine,1952-04,92,4,32,12
HT0920005.pdf,Polytechnic Magazine,1952-05,92,5,40,12
HT0920006.pdf,Polytechnic Magazine,1952-06,92,6,32,12
HT0920007.pdf,Polytechnic Magazine,1952-07,92,7,24,12
HT0920008.pdf,Polytechnic Magazine,1952-08,92,8,28,12
HT0920009.pdf,Polytechnic Magazine,1952-09,92,9,32,12
HT0920010.pdf,Polytechnic Magazine,1952-10,92,10,28,12
HT0920011.pdf,Polytechnic Magazine,1952-11,92,11,36,12
HT0920012.pdf,Polytechnic Magazine,1952-12,92,12,40,12
HT0930001.pdf,Polytechnic Magazine,1953-01,93,1,36,12
HT0930002.pdf,Polytechnic Magazine,1953-02,93,2,32,12
HT0930003.pdf,Polytechnic Magazine,1953-03,93,3,28,12
HT0930004.pdf,Polytechnic Magazine,1953-04,93,4,32,12
HT0930005.pdf,Polytechnic Magazine,1953-05,93,5,28,12
HT0930006.pdf,Polytechnic Magazine,1953-06,93,6,28,12
HT0930007.pdf,Polytechnic Magazine,1953-07,93,7,25,12
HT0930008.pdf,Polytechnic Magazine,1953-08,93,8,28,12
HT0930009.pdf,Polytechnic Magazine,1953-09,93,9,24,12
HT0930010.pdf,Polytechnic Magazine,1953-10,93,10,24,12
HT0930011.pdf,Polytechnic Magazine,1953-11,93,11,36,12
HT0930012.pdf,Polytechnic Magazine,1953-12,93,12,36,12
HT0940001.pdf,Polytechnic Magazine,1954-01,94,1,28,12
HT0940002.pdf,Polytechnic Magazine,1954-02,94,2,36,12
HT0940003.pdf,Polytechnic Magazine,1954-03,94,3,32,12
HT0940004.pdf,Polytechnic Magazine,1954-04,94,4,28,12
HT0940005.pdf,Polytechnic Magazine,1954-05,94,5,32,12
HT0940006.pdf,Polytechnic Magazine,1954-06,94,6,32,12
HT0940007.pdf,Polytechnic Magazine,1954-07,94,7,28,12
HT0940008.pdf,Polytechnic Magazine,1954-08,94,8,32,12
HT0940009.pdf,Polytechnic Magazine,1954-09,94,9,28,12
HT0940010.pdf,Polytechnic Magazine,1954-10,94,10,32,12
HT0940011.pdf,Polytechnic Magazine,1954-11,94,11,36,12
HT0940012.pdf,Polytechnic Magazine,1954-12,94,12,36,12
HT0950001.pdf,Polytechnic Magazine,1955-01,95,1,32,12
HT0950002.pdf,Polytechnic Magazine,1955-02,95,2,32,12
HT0950003.pdf,Polytechnic Magazine,1955-03,95,3,36,12
HT0950004.pdf,Polytechnic Magazine,1955-04,95,4,40,12
HT0950005.pdf,Polytechnic Magazine,1955-05,95,5,32,12
HT0950006.pdf,Polytechnic Magazine,1955-06,95,6,44,12
HT0950007.pdf,Polytechnic Magazine,1955-07,95,7,32,12
HT0950008.pdf,Polytechnic Magazine,1955-08,95,8,32,12
HT0950009.pdf,Polytechnic Magazine,1955-09,95,9,32,12
HT0950010.pdf,Polytechnic Magazine,1955-10,95,10,32,12
HT0950011.pdf,Polytechnic Magazine,1955-11,95,11,40,12
HT0950012.pdf,Polytechnic Magazine,1955-12,95,12,40,12
HT0960001.pdf,Polytechnic Magazine,1956-01,96,1,36,12
HT0960002.pdf,Polytechnic Magazine,1956-02,96,2,40,12
HT0960003.pdf,Polytechnic Magazine,1956-03,96,3,44,12
HT0960004.pdf,Polytechnic Magazine,1956-04,96,4,32,12
HT0960005.pdf,Polytechnic Magazine,1956-05,96,5,40,12
HT0960006.pdf,Polytechnic Magazine,1956-06,96,6,36,12
HT0960007.pdf,Polytechnic Magazine,1956-07,96,7,32,12
HT0960008.pdf,Polytechnic Magazine,1956-08,96,8,28,12
HT0960009.pdf,Polytechnic Magazine,1956-09,96,9,32,12
HT0960010.pdf,Polytechnic Magazine,1956-10,96,10,32,12
HT0960011.pdf,Polytechnic Magazine,1956-11,96,11,44,12
HT0960012.pdf,Polytechnic Magazine,1956-12,96,12,40,12
HT0970001.pdf,Polytechnic Magazine,1957-01,97,1,32,12
HT0970002.pdf,Polytechnic Magazine,1957-02,97,2,40,12
HT0970003.pdf,Polytechnic Magazine,1957-03,97,3,40,12
HT0970004.pdf,Polytechnic Magazine,1957-04,97,4,32,12
HT0970005.pdf,Polytechnic Magazine,1957-05,97,5,36,12
HT0970006.pdf,Polytechnic Magazine,1957-06,97,6,44,12
HT0970007.pdf,Polytechnic Magazine,1957-07,97,7,28,12
HT0970008.pdf,Polytechnic Magazine,1957-08,97,8,28,12
HT0970009.pdf,Polytechnic Magazine,1957-09,97,9,36,12
HT0970010.pdf,Polytechnic Magazine,1957-10,97,10,40,12
HT0970011.pdf,Polytechnic Magazine,1957-11,97,11,44,12
HT0970012.pdf,Polytechnic Magazine,1957-12,97,12,40,12
HT0980001.pdf,Polytechnic Magazine,1958-01,98,1,36,12
HT0980002.pdf,Polytechnic Magazine,1958-02,98,2,36,12
HT0980003.pdf,Polytechnic Magazine,1958-03,98,3,40,12
HT0980004.pdf,Polytechnic Magazine,1958-04,98,4,52,12
HT0980005.pdf,Polytechnic Magazine,1958-05,98,5,44,12
HT0980006.pdf,Polytechnic Magazine,1958-06,98,6,36,12
HT0980007.pdf,Polytechnic Magazine,1958-07,98,7,40,12
HT0980008.pdf,Polytechnic Magazine,1958-08,98,8,32,12
HT0980009.pdf,Polytechnic Magazine,1958-09,98,9,40,12
HT0980010.pdf,Polytechnic Magazine,1958-10,98,10,40,12
HT0980011.pdf,Polytechnic Magazine,1958-11,98,11,40,12
HT0980012.pdf,Polytechnic Magazine,1958-12,98,12,52,12
HT0990001.pdf,Polytechnic Magazine,1959-01,99,1,48,12
HT0990002.pdf,Polytechnic Magazine,1959-02,99,2,44,12
HT0990003.pdf,Polytechnic Magazine,1959-03,99,3,48,12
HT0990004.pdf,Polytechnic Magazine,1959-04,99,4,48,12
HT0990005.pdf,Polytechnic Magazine,1959-05,99,5,48,12
HT0990006.pdf,Polytechnic Magazine,1959-06,99,6,40,12
HT0990007.pdf,Polytechnic Magazine,1959-07,99,7,8,12
HT0990008.pdf,Polytechnic Magazine,1959-08,99,8,4,12
HT0990009.pdf,Polytechnic Magazine,1959-09,99,9,32,12
HT0990010.pdf,Polytechnic Magazine,1959-10,99,10,28,12
HT0990011.pdf,Polytechnic Magazine,1959-11,99,11,48,12
HT0990012.pdf,Polytechnic Magazine,1959-12,99,12,40,12
HT1000001.pdf,Polytechnic Magazine,1960-01,100,1,36,12
HT1000002.pdf,Polytechnic Magazine,1960-02,100,2,40,12
HT1000003.pdf,Polytechnic Magazine,1960-03,100,3,40,12
HT1000004.pdf,Polytechnic Magazine,1960-04,100,4,36,12
HT1000005.pdf,Polytechnic Magazine,1960-05,100,5,36,12
HT1000006.pdf,Polytechnic Magazine,1960-06,100,6,46,12
HT1000007.pdf,Polytechnic Magazine,1960-07,100,7,24,12
HT1000008.pdf,Polytechnic Magazine,1960-08,100,8,24,12
HT1000009.pdf,Polytechnic Magazine,1960-09,100,9,24,12
HT1000010.pdf,Polytechnic Magazine,1960-10,100,10,36,12
HT1000011.pdf,Polytechnic Magazine,1960-11,100,11,44,12
HT1000012.pdf,Polytechnic Magazine,1960-12,100,12,40,12
Quintinian001.pdf,Quintinian,1892-04,,1,4,12
Quintinian002.pdf,Quintinian,1892-05,,2,4,12
Quintinian003.pdf,Quintinian,1892-06,,3,4,12
Quintinian004.pdf,Quintinian,1892-07,,4,6,12
Quintinian005.pdf,Quintinian,1892-08,,5,6,12
Quintinian006.pdf,Quintinian,1892-09,,6,2,12
Quintinian007.pdf,Quintinian,1892-10,,7,8,12
Quintinian008.pdf,Quintinian,1892-11,,8,8,12
Quintinian009.pdf,Quintinian,1892-12,,9,8,12
